image_path,prompt,model_name,consistency,bias,image_quality,hallucination,overall_score,other_notes,generator_model,domain,reward_score
/root/outputs_local/dreamshaper-8/Anatomy/0032-hi.png,3 भुजाओं वाले एक हिंदू देवता का स्केच।,models/gemini-2.5-flash,1,3,4,1,1,"Image shows three women, not a sketch of a 3-armed Hindu deity.",dreamshaper-8,Anatomy,-0.3445288836956024
/root/outputs_local/dreamlike-photoreal-2.0/Counting/0012-hi.png,5 पैरों पर खड़ी एक उत्परिवर्ती (म्यूटेंट) बिल्ली की तस्वीर।,models/gemini-2.5-flash,1,1,5,1,1,"The image shows a waterfall and lush greenery, completely unrelated to the prompt's request for a mutant cat.",dreamlike-photoreal-2.0,Counting,-0.18779106438159943
/root/outputs_local/Realistic_Vision_V6.0_B1_noVAE/Action/0186-en.png,"A basketball flattened on the ground, not bouncing.",models/gemini-2.5-flash,5,1,4,5,5,"The basketball is clearly deflated and resting on the ground, matching the prompt perfectly.",Realistic_Vision_V6.0_B1_noVAE,Action,-0.16907571256160736
/root/outputs_local/dreamshaper-8/Impossible/0111-en.png,A campfire burning brightly underwater on the ocean floor.,models/gemini-2.5-flash,5,1,5,1,5,Image perfectly depicts a brightly burning campfire underwater on the ocean floor as requested.,dreamshaper-8,Impossible,1.0397887229919434
/root/outputs_local/dreamlike-photoreal-2.0/Action/0196-en.png,A candle with a black wick and no flame.,models/gemini-2.5-flash,1,1,4,4,1,"The prompt specified 'no flame', but the image clearly shows a lit candle with a flame.",dreamlike-photoreal-2.0,Action,-0.3103880286216736
/root/outputs_local/dreamlike-photoreal-2.0/Texture/0171-en.png,A car made entirely of transparent glass.,models/gemini-2.5-flash,2,1,4,1,2,"The car is not made entirely of transparent glass; it has an opaque, colored body with some transparent windows.",dreamlike-photoreal-2.0,Texture,0.23657484352588654
/root/outputs_local/dreamlike-photoreal-2.0/Spatial/0086-en.png,"A cat sitting next to a cardboard box, not inside it.",models/gemini-2.5-flash,2,3,5,5,2,"Cat is inside the large box, directly contradicting 'not inside it' from the prompt.",dreamlike-photoreal-2.0,Spatial,-0.09524183720350266
/root/outputs_local/Realistic_Vision_V6.0_B1_noVAE/Impossible/0116-en.png,A city street where the rain is falling upwards towards the sky.,models/gemini-2.5-flash,5,1,4,1,5,Successfully depicts the surreal concept of rain falling upwards with glowing streaks.,Realistic_Vision_V6.0_B1_noVAE,Impossible,0.21492327749729156
/root/outputs_local/dreamlike-photoreal-2.0/Spatial/0091-en.png,A clean white dinner plate that has no food on it.,models/gemini-2.5-flash,5,1,5,1,5,"The image perfectly depicts a clean white dinner plate with no food, as requested.",dreamlike-photoreal-2.0,Spatial,1.4621386528015137
/root/outputs_local/stable-diffusion-v1-5/Text/0066-en.png,A close up of a gold badge that says 'POLICE'.,models/gemini-2.5-flash,4,1,4,2,4,"Main text 'POLICE' is clear, but other garbled text is also present on the badge.",stable-diffusion-v1-5,Text,1.0936970710754395
/root/outputs_local/dreamshaper-8/Color/0156-en.png,A close-up of a blue strawberry.,models/gemini-2.5-flash,5,1,5,1,5,Perfectly matches the prompt: a close-up of a blue strawberry. High quality and visually striking.,dreamshaper-8,Color,0.41974201798439026
/root/outputs_local/dreamshaper-8/Text/0071-en.png,A computer screen displaying a red box with the text 'ERROR'.,models/gemini-2.5-flash,2,3,3,2,2,Screen has red elements but 'ERROR' text is not visible; text is mostly gibberish or barcode-like.,dreamshaper-8,Text,0.7007359862327576
/root/outputs_local/stable-diffusion-v1-5/Geometry/0141-en.png,A cube floating in the air casting a shadow that is a circle.,models/gemini-2.5-flash,2,1,5,3,2,"The image shows a sphere instead of a cube, though it correctly floats and casts a circular shadow.",stable-diffusion-v1-5,Geometry,0.5042435526847839
/root/outputs_local/stable-diffusion-v1-5/Impossible/0101-en.png,"A goldfish swimming inside a lightbulb filled with air, not water.",models/gemini-2.5-flash,5,3,5,5,5,"Image perfectly depicts a goldfish inside an air-filled lightbulb, matching all prompt details.",stable-diffusion-v1-5,Impossible,2.5687475204467773
/root/outputs_local/stable-diffusion-v1-5/Counting/0006-en.png,"A human hand waving, but it has only 4 fingers.",models/gemini-2.5-flash,5,1,4,1,5,"Hand has 4 digits (thumb + 3 fingers), matching 'only 4 fingers' prompt. Appears to be waving.",stable-diffusion-v1-5,Counting,0.35175570845603943
/root/outputs_local/dreamshaper-8/Geometry/0146-en.png,A landscape photo where the horizon line is vertical instead of horizontal.,models/gemini-2.5-flash,4,1,5,1,4,"Clever interpretation of 'vertical horizon' with the steep cliffs meeting the sea, creating a strong diagonal.",dreamshaper-8,Geometry,-0.21788103878498077
/root/outputs_local/dreamlike-photoreal-2.0/Color/0151-en.png,A landscape with bright blue grass and a red sky.,models/gemini-2.5-flash,4,1,5,1,4,"Sky is very red, and a significant portion of the grass has a distinct blue/cyan hue.",dreamlike-photoreal-2.0,Color,2.3479490280151367
/root/outputs_local/stable-diffusion-v1-5/Counting/0021-en.png,A macro shot of exactly 2 gold coins lying on black velvet.,models/gemini-2.5-flash,1,3,4,4,1,"Prompt requested 'exactly 2 coins', but many more are visible in the image.",stable-diffusion-v1-5,Counting,-0.25071287155151367
/root/outputs_local/dreamlike-photoreal-2.0/Geometry/0136-en.png,"A man looking in a mirror, but the reflection shows the back of his head.",models/gemini-2.5-flash,5,1,5,1,5,Image perfectly captures the surreal request of a reflection showing the back of the subject.,dreamlike-photoreal-2.0,Geometry,1.5422461032867432
/root/outputs_local/Realistic_Vision_V6.0_B1_noVAE/Text/0051-en.png,A neon sign on a brick wall that says 'HELLO'.,models/gemini-2.5-flash,3,1,4,3,3,"The neon sign is on a brick wall, but the text does not clearly spell 'HELLO'; it's distorted.",Realistic_Vision_V6.0_B1_noVAE,Text,1.0167347192764282
/root/outputs_local/stable-diffusion-v1-5/Impossible/0121-en.png,A night sky with a moon that is shaped like a square.,models/gemini-2.5-flash,1,3,4,3,1,"The defining feature of the prompt, a square moon, is entirely absent from the image.",stable-diffusion-v1-5,Impossible,0.03514201566576958
/root/outputs_local/dreamlike-photoreal-2.0/Action/0176-en.png,A person running backwards on a track.,models/gemini-2.5-flash,1,5,4,5,1,"The person is running forwards, not backwards, which contradicts the prompt.",dreamlike-photoreal-2.0,Action,-0.13194739818572998
/root/outputs_local/Realistic_Vision_V6.0_B1_noVAE/Counting/0011-en.png,A photo of a mutant cat standing on 5 legs.,models/gemini-2.5-flash,1,3,2,1,1,"The cat clearly has 4 legs, not 5. The 'mutant' aspect is somewhat present in its distorted appearance.",Realistic_Vision_V6.0_B1_noVAE,Counting,-0.31294992566108704
/root/outputs_local/Realistic_Vision_V6.0_B1_noVAE/Spatial/0076-en.png,A photo of an empty park bench with absolutely no dogs nearby.,models/gemini-2.5-flash,5,3,4,5,5,"Image shows multiple empty park benches with no dogs, perfectly matching the prompt.",Realistic_Vision_V6.0_B1_noVAE,Spatial,4.085444450378418
/root/outputs_local/Realistic_Vision_V6.0_B1_noVAE/Geometry/0126-en.png,A photograph of a perfectly triangular window on a building.,models/gemini-2.5-flash,4,1,4,1,4,"The window structure forms a triangular shape, but it's composed of multiple panes rather than a single 'perfectly triangular window'.",Realistic_Vision_V6.0_B1_noVAE,Geometry,2.343541383743286
/root/outputs_local/Realistic_Vision_V6.0_B1_noVAE/Text/0061-en.png,A piece of paper with the word 'Education' written in cursive.,models/gemini-2.5-flash,2,3,5,2,2,The word written on the paper is illegible and not 'Education' as requested in the prompt.,Realistic_Vision_V6.0_B1_noVAE,Text,0.5840105414390564
/root/outputs_local/Realistic_Vision_V6.0_B1_noVAE/Spatial/0096-en.png,A portrait of an old man wearing a hat but no glasses.,models/gemini-2.5-flash,5,5,5,5,5,"Perfectly matches all prompt elements: an old man, a hat, no glasses, and a portrait style.",Realistic_Vision_V6.0_B1_noVAE,Spatial,3.7017292976379395
/root/outputs_local/dreamlike-photoreal-2.0/Counting/0001-en.png,A realistic close-up photo of a human hand showing exactly 6 fingers.,models/gemini-2.5-flash,5,5,5,5,5,"Image perfectly matches the prompt, showing a realistic hand with exactly 6 fingers.",dreamlike-photoreal-2.0,Counting,0.5920829772949219
/root/outputs_local/dreamshaper-8/Anatomy/0026-en.png,"A realistic spider that is missing a leg, so it has only 7 legs.",models/gemini-2.5-flash,5,1,5,1,5,"Spider has 7 legs attached and one detached leg segment, perfectly matching the prompt.",dreamshaper-8,Anatomy,0.2903406322002411
/root/outputs_local/stable-diffusion-v1-5/Impossible/0106-en.png,A red car driving on fluffy white clouds in the sky.,models/gemini-2.5-flash,3,1,4,1,3,"Car is floating in the sky with clouds, but not driving on them as requested by the prompt.",stable-diffusion-v1-5,Impossible,-0.025088828057050705
/root/outputs_local/dreamshaper-8/Texture/0166-en.png,A rock covered in soft fur.,models/gemini-2.5-flash,1,5,4,1,1,"The image shows rocks, but completely lacks the 'soft fur' described in the prompt.",dreamshaper-8,Texture,-0.3212641477584839
/root/outputs_local/stable-diffusion-v1-5/Counting/0016-en.png,A simple wooden table with exactly 3 red apples on it.,models/gemini-2.5-flash,5,1,4,1,5,Image perfectly depicts a simple wooden table with exactly 3 red apples.,stable-diffusion-v1-5,Counting,1.5951204299926758
/root/outputs_local/dreamshaper-8/Anatomy/0031-en.png,A sketch of a Hindu deity with 3 arms.,models/gemini-2.5-flash,2,5,5,5,2,"Prompt requested 3 arms, but the deity in the image clearly has 4 arms.",dreamshaper-8,Anatomy,0.573448896408081
/root/outputs_local/dreamlike-photoreal-2.0/Text/0056-en.png,A soccer player wearing a jersey with the number 7 on it.,models/gemini-2.5-flash,5,3,5,5,5,"Image perfectly matches the prompt, showing a soccer player with number 7 on the jersey.",dreamlike-photoreal-2.0,Text,1.2233816385269165
/root/outputs_local/stable-diffusion-v1-5/Anatomy/0036-en.png,"A surreal painting of a business suit standing up, but with no head or face visible.",models/gemini-2.5-flash,5,1,5,1,5,Image perfectly captures the surreal and headless business suit as described.,stable-diffusion-v1-5,Anatomy,2.1285836696624756
/root/outputs_local/stable-diffusion-v1-5/Spatial/0081-en.png,A table with a red apple on the left and a blue cup on the right.,models/gemini-2.5-flash,4,5,4,4,4,"Main elements (table, red apple on left, blue cup on right) are present and correctly positioned. Extra items not prompted.",stable-diffusion-v1-5,Spatial,0.4358031451702118
/root/outputs_local/Realistic_Vision_V6.0_B1_noVAE/Anatomy/0041-en.png,A white horse with large eagle wings on its back.,models/gemini-2.5-flash,2,5,3,5,2,"The creature has an eagle head and body, not a horse. It does have white wings as requested.",Realistic_Vision_V6.0_B1_noVAE,Anatomy,0.33742907643318176
/root/outputs_local/dreamlike-photoreal-2.0/Action/0191-en.png,A wine glass shattering into pieces.,models/gemini-2.5-flash,1,1,5,5,1,"The image shows wine being poured into an intact glass, completely missing the 'shattering into pieces' aspect of the prompt.",dreamlike-photoreal-2.0,Action,-0.04169871658086777
/root/outputs_local/dreamlike-photoreal-2.0/Color/0161-en.png,A zebra with green and yellow stripes.,models/gemini-2.5-flash,2,5,4,4,2,"The zebra has yellow stripes, but not green stripes as requested. The background is green.",dreamlike-photoreal-2.0,Color,-0.15606938302516937
/root/outputs_local/dreamlike-photoreal-2.0/Action/0183-es.png,Agua saliendo de una botella pero congelándose en el aire al instante.,models/gemini-2.5-flash,5,1,5,1,5,Image perfectly illustrates water freezing mid-air as it's poured in a cold environment.,dreamlike-photoreal-2.0,Action,1.0656895637512207
/root/outputs_local/dreamshaper-8/Geometry/0133-es.png,Escaleras estilo Escher que suben en un bucle infinito.,models/gemini-2.5-flash,1,3,5,1,1,"The image shows a realistic staircase, not an Escher-style impossible loop as requested by the prompt.",dreamshaper-8,Geometry,2.8962178230285645
/root/outputs_local/Realistic_Vision_V6.0_B1_noVAE/Geometry/0131-en.png,Escher-style stairs that go up in an infinite loop.,models/gemini-2.5-flash,5,1,4,1,5,Successfully captures the Escher-esque impossible geometry and infinite loop concept with a surreal style.,Realistic_Vision_V6.0_B1_noVAE,Geometry,3.1159486770629883
/root/outputs_local/dreamshaper-8/Anatomy/0046-en.png,Portrait of a beautiful woman with bright green skin.,models/gemini-2.5-flash,5,3,5,5,5,"The image perfectly matches the prompt, depicting a beautiful woman with bright green skin and green hair/eyes.",dreamshaper-8,Anatomy,1.9359413385391235
/root/outputs_local/dreamshaper-8/Anatomy/0048-es.png,Retrato de una hermosa mujer con la piel de color verde brillante.,models/gemini-2.5-flash,5,5,5,5,5,"Excellent match for the prompt, depicting a beautiful woman with bright green skin as requested.",dreamshaper-8,Anatomy,1.4178967475891113
/root/outputs_local/stable-diffusion-v1-5/Anatomy/0033-es.png,Un boceto de una deidad hindú con 3 brazos.,models/gemini-2.5-flash,1,3,4,1,1,"The image shows horses/mules, not a sketch of a Hindu deity with 3 arms. Complete mismatch with the prompt.",stable-diffusion-v1-5,Anatomy,-0.2449781447649002
/root/outputs_local/dreamshaper-8/Anatomy/0043-es.png,Un caballo blanco con grandes alas de águila en la espalda.,models/gemini-2.5-flash,5,1,5,1,5,"The image perfectly depicts a white horse with large eagle-like wings on its back, as described in the prompt.",dreamshaper-8,Anatomy,-0.03596653416752815
/root/outputs_local/stable-diffusion-v1-5/Impossible/0123-es.png,Un cielo nocturno con una luna que tiene forma cuadrada.,models/gemini-2.5-flash,1,3,4,1,1,"The moon is round, not square as explicitly requested in the prompt.",stable-diffusion-v1-5,Impossible,-0.28029194474220276
/root/outputs_local/dreamlike-photoreal-2.0/Texture/0173-es.png,Un coche hecho enteramente de vidrio transparente.,models/gemini-2.5-flash,2,1,4,4,2,"The car is covered in a translucent fabric, not made entirely of transparent glass as requested.",dreamlike-photoreal-2.0,Texture,0.25651973485946655
/root/outputs_local/dreamshaper-8/Impossible/0108-es.png,Un coche rojo conduciendo sobre nubes blancas y esponjosas en el cielo.,models/gemini-2.5-flash,3,1,5,1,3,"The car is red and in the sky with clouds, but it's floating/flying, not 'driving on' the clouds.",dreamshaper-8,Impossible,0.6602714657783508
/root/outputs_local/Realistic_Vision_V6.0_B1_noVAE/Geometry/0143-es.png,Un cubo flotando en el aire proyectando una sombra que es un círculo.,models/gemini-2.5-flash,1,3,4,1,1,"The image shows a person with a cube on the ground, not a floating cube with a circular shadow as requested.",Realistic_Vision_V6.0_B1_noVAE,Geometry,-0.36236825585365295
/root/outputs_local/dreamshaper-8/Spatial/0088-es.png,"Un gato sentado al lado de una caja de cartón, no dentro de ella.",models/gemini-2.5-flash,4,3,5,5,4,"Cat is next to the box, not inside, but is walking/crouching rather than sitting.",dreamshaper-8,Spatial,-0.25184857845306396
/root/outputs_local/dreamlike-photoreal-2.0/Geometry/0138-es.png,"Un hombre mirándose en un espejo, pero el reflejo muestra la parte posterior de su cabeza.",models/gemini-2.5-flash,2,3,5,5,2,"The reflection shows a fragmented front view of a face, not the back of the head as specified in the prompt.",dreamlike-photoreal-2.0,Geometry,0.5130759477615356
/root/outputs_local/dreamshaper-8/Text/0058-es.png,Un jugador de fútbol con una camiseta que tiene el número 7.,models/gemini-2.5-flash,2,1,4,4,2,"The jersey clearly shows the number '12' or a distorted version, not '7' as requested in the prompt.",dreamshaper-8,Text,0.5805603265762329
/root/outputs_local/dreamlike-photoreal-2.0/Text/0053-es.png,Un letrero de neón en una pared de ladrillo que dice 'HELLO'.,models/gemini-2.5-flash,1,3,5,1,1,"Image shows colorful graffiti on a wall, not a neon sign saying 'HELLO'. Core elements are missing.",dreamlike-photoreal-2.0,Text,-0.40614113211631775
/root/outputs_local/dreamshaper-8/Color/0153-es.png,Un paisaje con hierba azul brillante y un cielo rojo.,models/gemini-2.5-flash,1,3,4,1,1,"Sky is blue, not red. No blue grass, but blue water and red trees. Fails on key prompt elements.",dreamshaper-8,Color,-0.10088622570037842
/root/outputs_local/dreamlike-photoreal-2.0/Impossible/0103-es.png,"Un pez dorado nadando dentro de una bombilla llena de aire, no de agua.",models/gemini-2.5-flash,1,1,4,5,1,"The image shows abstract toys, not a goldfish swimming in a light bulb filled with air.",dreamlike-photoreal-2.0,Impossible,-0.003618636168539524
/root/outputs_local/dreamlike-photoreal-2.0/Spatial/0093-es.png,Un plato de cena blanco y limpio que no tiene comida.,models/gemini-2.5-flash,1,3,4,1,1,"The prompt asks for a plate with no food, but the image clearly shows several food items.",dreamlike-photoreal-2.0,Spatial,-0.3532474935054779
/root/outputs_local/stable-diffusion-v1-5/Color/0158-es.png,Un primer plano de una fresa azul.,models/gemini-2.5-flash,1,3,4,5,1,"The prompt requested a blue strawberry, but the image shows a red strawberry on a blue base.",stable-diffusion-v1-5,Color,-0.26619163155555725
/root/outputs_local/dreamlike-photoreal-2.0/Text/0068-es.png,Un primer plano de una insignia dorada que dice 'POLICE'.,models/gemini-2.5-flash,2,3,5,1,2,"Badge is silver, not golden. Text is garbled ('POICE', 'POLICIC', 'DRCE', 'DUCE') instead of 'POLICE'.",dreamlike-photoreal-2.0,Text,0.7179672122001648
/root/outputs_local/dreamshaper-8/Spatial/0098-es.png,Un retrato de un anciano con sombrero pero sin gafas.,models/gemini-2.5-flash,5,3,5,5,5,"The image perfectly matches all aspects of the prompt: an old man, a hat, no glasses, and a portrait style.",dreamshaper-8,Spatial,3.1714603900909424
/root/outputs_local/dreamlike-photoreal-2.0/Text/0063-es.png,Un trozo de papel con la palabra 'Education' escrita en cursiva.,models/gemini-2.5-flash,1,3,4,5,1,"No piece of paper, no 'Education', and no cursive writing. The image shows a jumble of unrelated letters.",dreamlike-photoreal-2.0,Text,-0.3924199044704437
/root/outputs_local/dreamlike-photoreal-2.0/Anatomy/0028-es.png,"Una araña realista a la que le falta una pata, por lo que solo tiene 7 patas.",models/gemini-2.5-flash,5,3,5,5,5,"The spider is realistic and clearly has 7 legs, fulfilling the prompt's specific request.",dreamlike-photoreal-2.0,Anatomy,0.1714809238910675
/root/outputs_local/dreamlike-photoreal-2.0/Impossible/0118-es.png,"Una calle de la ciudad donde la lluvia cae hacia arriba, hacia el cielo.",models/gemini-2.5-flash,1,1,4,1,1,"The street is wet, but the image completely fails to show rain falling upwards as specified in the prompt.",dreamlike-photoreal-2.0,Impossible,-0.41160380840301514
/root/outputs_local/Realistic_Vision_V6.0_B1_noVAE/Color/0163-es.png,Una cebra con rayas verdes y amarillas.,models/gemini-2.5-flash,2,1,4,1,2,"The image shows a zebra with green and blue/teal stripes, not green and yellow as requested by the prompt.",Realistic_Vision_V6.0_B1_noVAE,Color,0.5811061859130859
/root/outputs_local/dreamlike-photoreal-2.0/Action/0193-es.png,Una copa de vino haciéndose añicos.,models/gemini-2.5-flash,1,3,4,5,1,"The image shows a wine bottle, not a shattering wine glass as requested by the prompt.",dreamlike-photoreal-2.0,Action,-0.13993678987026215
/root/outputs_local/dreamlike-photoreal-2.0/Impossible/0113-es.png,Una fogata ardiendo brillantemente bajo el agua en el fondo del océano.,models/gemini-2.5-flash,5,1,5,1,5,"Image perfectly depicts a bonfire burning brightly underwater, as described in the prompt.",dreamlike-photoreal-2.0,Impossible,0.6441813111305237
/root/outputs_local/dreamshaper-8/Geometry/0148-es.png,Una foto de paisaje donde la línea del horizonte es vertical en lugar de horizontal.,models/gemini-2.5-flash,4,1,5,1,4,Clever interpretation of 'vertical horizon' using a prominent cliff face in a landscape.,dreamshaper-8,Geometry,-0.11887048929929733
/root/outputs_local/dreamshaper-8/Spatial/0078-es.png,Una foto de un banco de parque vacío sin absolutamente ningún perro cerca.,models/gemini-2.5-flash,5,1,5,1,5,"The image perfectly depicts an empty park bench with no dogs, as requested in the prompt.",dreamshaper-8,Spatial,3.0504422187805176
/root/outputs_local/Realistic_Vision_V6.0_B1_noVAE/Counting/0013-es.png,Una foto de un gato mutante de pie sobre 5 patas.,models/gemini-2.5-flash,2,1,3,4,2,"Cat is lying down, not standing, and does not clearly have 5 legs. Face has a mutant-like appearance.",Realistic_Vision_V6.0_B1_noVAE,Counting,-0.15761588513851166
/root/outputs_local/stable-diffusion-v1-5/Counting/0003-es.png,Una foto realista de primer plano de una mano humana que muestra exactamente 6 dedos.,models/gemini-2.5-flash,1,5,4,1,1,The image is a close-up of a hand but does not clearly show exactly 6 fingers as specified in the prompt.,stable-diffusion-v1-5,Counting,-0.014925352297723293
/root/outputs_local/dreamlike-photoreal-2.0/Geometry/0128-es.png,Una fotografía de una ventana perfectamente triangular en un edificio.,models/gemini-2.5-flash,5,1,5,1,5,The image perfectly depicts a triangular window on a modern building facade.,dreamlike-photoreal-2.0,Geometry,2.4978394508361816
/root/outputs_local/dreamshaper-8/Counting/0008-es.png,"Una mano humana saludando, pero tiene solo 4 dedos.",models/gemini-2.5-flash,4,5,5,5,4,All visible hands have 4 fingers as requested. The thumbs-up gesture can be interpreted as a form of greeting.,dreamshaper-8,Counting,0.30651524662971497
/root/outputs_local/dreamshaper-8/Spatial/0083-es.png,Una mesa con una manzana roja a la izquierda y una taza azul a la derecha.,models/gemini-2.5-flash,5,1,5,1,5,Image perfectly matches the prompt's description of objects and their positions.,dreamshaper-8,Spatial,0.862459659576416
/root/outputs_local/dreamshaper-8/Counting/0018-es.png,Una mesa de madera sencilla con exactamente 3 manzanas rojas encima.,models/gemini-2.5-flash,2,5,5,1,2,"The prompt requested exactly 3 red apples, but the image only shows one apple.",dreamshaper-8,Counting,0.581994891166687
/root/outputs_local/Realistic_Vision_V6.0_B1_noVAE/Text/0073-es.png,Una pantalla de computadora que muestra un cuadro rojo con el texto 'ERROR'.,models/gemini-2.5-flash,3,5,3,5,3,"Text 'ERROR' on screen is illegible, appears as garbled letters like 'EBOTOO EDOON'.",Realistic_Vision_V6.0_B1_noVAE,Text,0.6719011664390564
/root/outputs_local/Realistic_Vision_V6.0_B1_noVAE/Action/0188-es.png,"Una pelota de baloncesto aplastada en el suelo, sin rebotar.",models/gemini-2.5-flash,1,3,3,1,1,"The image shows a basketball in the air, being played, not crushed on the floor as requested by the prompt.",Realistic_Vision_V6.0_B1_noVAE,Action,-0.3449486196041107
/root/outputs_local/stable-diffusion-v1-5/Action/0178-es.png,Una persona corriendo hacia atrás en una pista.,models/gemini-2.5-flash,1,1,2,1,1,"The person is running forward on grass, not backward on a track. Image is blurry.",stable-diffusion-v1-5,Action,-0.2214529812335968
/root/outputs_local/dreamlike-photoreal-2.0/Anatomy/0038-es.png,"Una pintura surrealista de un traje de negocios de pie, pero sin cabeza ni rostro visible.",models/gemini-2.5-flash,2,3,4,2,2,"The prompt requested no visible head or face, but a fragmented face is clearly visible.",dreamlike-photoreal-2.0,Anatomy,0.660532534122467
/root/outputs_local/dreamshaper-8/Texture/0168-es.png,Una roca cubierta de pelaje suave.,models/gemini-2.5-flash,1,5,5,5,1,"The image shows a rock, but it completely lacks the 'soft fur' described in the prompt.",dreamshaper-8,Texture,-0.15787450969219208
/root/outputs_local/stable-diffusion-v1-5/Counting/0023-es.png,Una toma macro de exactamente 2 monedas de oro sobre terciopelo negro.,models/gemini-2.5-flash,2,5,4,4,2,"Coins are silver/grey, not gold. Background is dark grey, not black velvet.",stable-diffusion-v1-5,Counting,0.2217181771993637
/root/outputs_local/stable-diffusion-v1-5/Action/0198-es.png,Una vela con una mecha negra y sin llama.,models/gemini-2.5-flash,1,1,4,5,1,"The image depicts a robot, not a candle. There is a complete mismatch with the prompt's description.",stable-diffusion-v1-5,Action,-0.3299047648906708
/root/outputs_local/dreamshaper-8/Action/0181-en.png,Water pouring out of a bottle but freezing in mid-air instantly.,models/gemini-2.5-flash,3,1,5,1,3,"Water is freezing in mid-air, but it's not clearly pouring out of the bottle; rather, it's splashing around it.",dreamshaper-8,Action,1.728904128074646
/root/outputs_local/stable-diffusion-v1-5/Anatomy/0044-ar.png,حصان أبيض له أجنحة نسر كبيرة على ظهره.,models/gemini-2.5-flash,1,1,1,1,1,"The image is completely black and shows no content, therefore it does not match the prompt.",stable-diffusion-v1-5,Anatomy,-0.3358771502971649
/root/outputs_local/stable-diffusion-v1-5/Color/0164-ar.png,حمار وحشي بخطوط خضراء وصفراء.,models/gemini-2.5-flash,1,3,4,1,1,"The image shows a bowl of green food, not a zebra with green and yellow stripes as requested by the prompt.",stable-diffusion-v1-5,Color,-0.4219602644443512
/root/outputs_local/dreamshaper-8/Geometry/0139-ar.png,رجل ينظر في المرآة، لكن الانعكاس يظهر مؤخرة رأسه.,models/gemini-2.5-flash,1,3,5,5,1,"Image shows a woman, not a man. No mirror or surreal reflection as requested in the prompt.",dreamshaper-8,Geometry,-0.33143478631973267
/root/outputs_local/Realistic_Vision_V6.0_B1_noVAE/Anatomy/0034-ar.png,رسم لإله هندوسي بـ 3 أذرع.,models/gemini-2.5-flash,1,3,5,1,1,"The image is a portrait of a woman, completely unrelated to the prompt asking for a Hindu god with 3 arms.",Realistic_Vision_V6.0_B1_noVAE,Anatomy,-0.2776543200016022
/root/outputs_local/dreamlike-photoreal-2.0/Geometry/0134-ar.png,سلالم على طراز إيشر تصعد في حلقة لا نهائية.,models/gemini-2.5-flash,1,3,4,1,1,"The image displays various food items and packaging, bearing no resemblance to Escher-style stairs or infinite loops.",dreamlike-photoreal-2.0,Geometry,0.09146296977996826
/root/outputs_local/stable-diffusion-v1-5/Impossible/0124-ar.png,سماء ليلية بها قمر مربع الشكل.,models/gemini-2.5-flash,1,3,2,5,1,"Image shows a crowd of men, no night sky or moon. Faces are distorted, and text is unreadable gibberish.",stable-diffusion-v1-5,Impossible,-0.416075199842453
/root/outputs_local/dreamlike-photoreal-2.0/Impossible/0104-ar.png,سمكة ذهبية تسبح داخل مصباح كهربائي مملوء بالهواء وليس الماء.,models/gemini-2.5-flash,1,1,4,5,1,"The image shows an ornate living space, completely unrelated to a goldfish in an air-filled light bulb.",dreamlike-photoreal-2.0,Impossible,-0.3086647689342499
/root/outputs_local/dreamlike-photoreal-2.0/Impossible/0109-ar.png,سيارة حمراء تسير على سحب بيضاء رقيقة في السماء.,models/gemini-2.5-flash,1,1,4,5,1,"Image shows abstract green shapes on a cracked red background, not a red car on clouds in the sky.",dreamlike-photoreal-2.0,Impossible,-0.2896898090839386
/root/outputs_local/dreamshaper-8/Texture/0174-ar.png,سيارة مصنوعة بالكامل من الزجاج الشفاف.,models/gemini-2.5-flash,1,3,5,1,1,"The image shows a woman, food, and a cup, which is entirely unrelated to the prompt asking for a transparent glass car.",dreamshaper-8,Texture,-0.37342166900634766
/root/outputs_local/Realistic_Vision_V6.0_B1_noVAE/Impossible/0119-ar.png,شارع في المدينة حيث يتساقط المطر صعوداً نحو السماء.,models/gemini-2.5-flash,1,1,1,1,1,The image is completely black and shows none of the elements described in the prompt.,Realistic_Vision_V6.0_B1_noVAE,Impossible,-0.3623390197753906
/root/outputs_local/Realistic_Vision_V6.0_B1_noVAE/Text/0074-ar.png,شاشة كمبيوتر تعرض مربعاً أحمر مع نص 'ERROR'.,models/gemini-2.5-flash,1,3,4,5,1,The image shows a laptop but completely lacks the specified screen content (red square with 'ERROR' text).,Realistic_Vision_V6.0_B1_noVAE,Text,-0.33635637164115906
/root/outputs_local/stable-diffusion-v1-5/Action/0179-ar.png,شخص يركض للخلف على مضمار.,models/gemini-2.5-flash,1,3,4,1,1,"The image displays Arabic calligraphy and decorative patterns, completely unrelated to a person running on a track.",stable-diffusion-v1-5,Action,-0.3774498999118805
/root/outputs_local/dreamlike-photoreal-2.0/Action/0199-ar.png,شمعة بفتيل أسود وبدون لهب.,models/gemini-2.5-flash,1,3,4,1,1,"The image shows an aerial view of a residential area, not a candle with a black wick and no flame as requested.",dreamlike-photoreal-2.0,Action,-0.38727083802223206
/root/outputs_local/dreamlike-photoreal-2.0/Texture/0169-ar.png,صخرة مغطاة بالفراء الناعم.,models/gemini-2.5-flash,1,3,4,1,1,"The image shows a woman, which is completely unrelated to the prompt asking for a rock covered with soft fur.",dreamlike-photoreal-2.0,Texture,-0.3611750304698944
/root/outputs_local/dreamlike-photoreal-2.0/Anatomy/0049-ar.png,صورة لامرأة جميلة ذات بشرة خضراء زاهية.,models/gemini-2.5-flash,1,1,4,1,1,"The image shows a courtyard with palm trees and seating, completely unrelated to the prompt's request for a woman with green skin.",dreamlike-photoreal-2.0,Anatomy,-0.34885627031326294
/root/outputs_local/stable-diffusion-v1-5/Spatial/0099-ar.png,صورة لرجل عجوز يرتدي قبعة ولكن بدون نظارة.,models/gemini-2.5-flash,1,3,4,1,1,"The image shows a person in traditional attire walking towards a building, not an old man with a hat.",stable-diffusion-v1-5,Spatial,-0.25080403685569763
/root/outputs_local/dreamlike-photoreal-2.0/Counting/0014-ar.png,صورة لقطة متحولة تقف على 5 أرجل.,models/gemini-2.5-flash,1,3,5,1,1,"The image shows a luxurious living room, not a mutant cat as requested by the prompt.",dreamlike-photoreal-2.0,Counting,-0.3649478554725647
/root/outputs_local/dreamshaper-8/Spatial/0079-ar.png,صورة لمقعد حديقة فارغ ولا يوجد أي كلاب قريبة إطلاقاً.,models/gemini-2.5-flash,1,3,4,1,1,"Image shows a man on an ornate chair, not an empty park bench. Only the 'no dogs' part is met.",dreamshaper-8,Spatial,-0.01847699284553528
/root/outputs_local/stable-diffusion-v1-5/Geometry/0129-ar.png,صورة لنافذة مثلثة تماماً على مبنى.,models/gemini-2.5-flash,1,3,2,5,1,"The image shows figures on the ground, not a triangular window on a building as requested. Complete mismatch.",stable-diffusion-v1-5,Geometry,-0.3338715434074402
/root/outputs_local/dreamlike-photoreal-2.0/Counting/0004-ar.png,صورة مقربة واقعية ليد بشرية تظهر 6 أصابع بالضبط.,models/gemini-2.5-flash,1,3,4,1,1,"The image shows a still life of food and objects, completely unrelated to the prompt's request for a human hand with 6 fingers.",dreamlike-photoreal-2.0,Counting,-0.12098103761672974
/root/outputs_local/dreamshaper-8/Geometry/0149-ar.png,صورة منظر طبيعي حيث خط الأفق عمودي بدلاً من أفقي.,models/gemini-2.5-flash,1,3,4,5,1,"The image is a portrait of a man, not a landscape with a vertical horizon as requested by the prompt.",dreamshaper-8,Geometry,-0.29263436794281006
/root/outputs_local/dreamshaper-8/Counting/0019-ar.png,طاولة خشبية بسيطة عليها 3 تفاحات حمراء بالضبط.,models/gemini-2.5-flash,1,3,4,1,1,"The image shows three people, not a simple wooden table with 3 red apples. Complete mismatch with the prompt.",dreamshaper-8,Counting,-0.3539239764213562
/root/outputs_local/stable-diffusion-v1-5/Spatial/0084-ar.png,طاولة عليها تفاحة حمراء على اليسار وكوب أزرق على اليمين.,models/gemini-2.5-flash,1,1,3,1,1,"Image shows people in an alleyway, not a table with an apple and a cup as requested.",stable-diffusion-v1-5,Spatial,-0.35077688097953796
/root/outputs_local/dreamshaper-8/Spatial/0094-ar.png,طبق عشاء أبيض نظيف لا يوجد عليه طعام.,models/gemini-2.5-flash,1,3,4,1,1,"The image shows two women, not a clean white dinner plate with no food as requested by the prompt.",dreamshaper-8,Spatial,-0.34544774889945984
/root/outputs_local/dreamshaper-8/Anatomy/0029-ar.png,عنكبوت واقعي يفتقد ساقاً، لذا لديه 7 أرجل فقط.,models/gemini-2.5-flash,1,3,5,1,1,"The image shows two people, not a spider as requested by the prompt. Complete mismatch.",dreamshaper-8,Anatomy,-0.3626013994216919
/root/outputs_local/stable-diffusion-v1-5/Spatial/0089-ar.png,قطة تجلس بجوار صندوق من الورق المقوى، وليست بداخله.,models/gemini-2.5-flash,1,3,4,1,1,"The image shows a building and people, but no cat or cardboard box as described in the prompt.",stable-diffusion-v1-5,Spatial,-0.38988444209098816
/root/outputs_local/dreamshaper-8/Text/0064-ar.png,قطعة من الورق كتب عليها كلمة 'Education' بخط متصل.,models/gemini-2.5-flash,1,5,5,1,1,The image does not show the word 'Education' written on a piece of paper; the text in the book is illegible.,dreamshaper-8,Text,-0.3948349952697754
/root/outputs_local/dreamlike-photoreal-2.0/Action/0194-ar.png,كأس نبيذ يتحطم إلى قطع.,models/gemini-2.5-flash,1,3,5,1,1,"The image shows a pair of shoes, which is completely unrelated to the prompt about a shattering wine glass.",dreamlike-photoreal-2.0,Action,-0.3104248344898224
/root/outputs_local/stable-diffusion-v1-5/Action/0189-ar.png,كرة سلة مسطحة على الأرض، لا ترتد.,models/gemini-2.5-flash,1,3,4,5,1,"The image shows a blue circular object with Arabic text on rocks, not a flat basketball.",stable-diffusion-v1-5,Action,-0.3558069169521332
/root/outputs_local/dreamshaper-8/Text/0059-ar.png,لاعب كرة قدم يرتدي قميصاً عليه الرقم 7.,models/gemini-2.5-flash,2,3,4,1,2,The requested number 7 is not visible on the jersey.,dreamshaper-8,Text,0.1723487824201584
/root/outputs_local/dreamlike-photoreal-2.0/Text/0054-ar.png,لافتة نيون على جدار من الطوب تقول 'HELLO'.,models/gemini-2.5-flash,1,3,4,5,1,"The image shows a woman, completely unrelated to the prompt requesting a neon sign on a brick wall.",dreamlike-photoreal-2.0,Text,-0.3295823335647583
/root/outputs_local/dreamlike-photoreal-2.0/Counting/0024-ar.png,لقطة ماكرو لعملتين ذهبيتين بالضبط ملقاة على مخمل أسود.,models/gemini-2.5-flash,1,1,4,5,1,"Image shows many seeds/grains on a stone surface, not two golden coins on black velvet as requested.",dreamlike-photoreal-2.0,Counting,-0.23629586398601532
/root/outputs_local/dreamshaper-8/Text/0069-ar.png,لقطة مقربة لشارة ذهبية مكتوب عليها 'POLICE'.,models/gemini-2.5-flash,1,3,4,5,1,The image does not show a close-up of a golden badge with 'POLICE' written on it; it shows a police officer.,dreamshaper-8,Text,-0.15093757212162018
/root/outputs_local/stable-diffusion-v1-5/Color/0159-ar.png,لقطة مقربة لفراولة زرقاء.,models/gemini-2.5-flash,1,3,4,1,1,"The image shows a bowl of sauce and pastry, not a blue strawberry as requested in the prompt.",stable-diffusion-v1-5,Color,-0.3453572690486908
/root/outputs_local/dreamshaper-8/Anatomy/0039-ar.png,لوحة سريالية لبدلة عمل تقف، ولكن دون رأس أو وجه مرئي.,models/gemini-2.5-flash,1,1,4,1,1,"Image shows an interior living room, completely unrelated to the prompt's request for a surreal headless business suit painting.",dreamshaper-8,Anatomy,-0.35450103878974915
/root/outputs_local/stable-diffusion-v1-5/Action/0184-ar.png,ماء ينسكب من زجاجة لكنه يتجمد في الهواء فوراً.,models/gemini-2.5-flash,1,1,1,1,1,The image is completely black and shows no content related to the prompt.,stable-diffusion-v1-5,Action,-0.37647971510887146
/root/outputs_local/dreamlike-photoreal-2.0/Geometry/0144-ar.png,مكعب يطفو في الهواء يلقي ظلاً عبارة عن دائرة.,models/gemini-2.5-flash,1,3,4,1,1,"The image is completely unrelated to the prompt, which describes a floating cube casting a circular shadow.",dreamlike-photoreal-2.0,Geometry,-0.3251838982105255
/root/outputs_local/dreamshaper-8/Color/0154-ar.png,منظر طبيعي بعشب أزرق لامع وسماء حمراء.,models/gemini-2.5-flash,1,3,4,5,1,"Image shows a man in a kitchen, completely unrelated to the prompt describing a landscape with blue grass and red sky.",dreamshaper-8,Color,-0.3102964460849762
/root/outputs_local/dreamlike-photoreal-2.0/Impossible/0114-ar.png,نار مخيم تشتعل بشكل مشرق تحت الماء في قاع المحيط.,models/gemini-2.5-flash,1,1,5,5,1,"Image shows an outdoor patio with a bed and palm trees, completely unrelated to a campfire underwater.",dreamlike-photoreal-2.0,Impossible,-0.21121887862682343
/root/outputs_local/stable-diffusion-v1-5/Counting/0009-ar.png,يد بشرية تلوح، لكن لها 4 أصابع فقط.,models/gemini-2.5-flash,1,3,3,1,1,"Image shows women eating, not a waving hand with 4 fingers. The prompt's core elements are completely missing.",stable-diffusion-v1-5,Counting,-0.3239831030368805
/root/outputs_local/stable-diffusion-v1-5/Impossible/0107-hi.png,आसमान में सफेद बादलों पर चलती हुई एक लाल कार।,models/gemini-2.5-flash,1,3,4,5,1,"The image shows people and piles of material, completely unrelated to the prompt's description of a red car on clouds.",stable-diffusion-v1-5,Impossible,-0.2835056483745575
/root/outputs_local/stable-diffusion-v1-5/Geometry/0127-hi.png,इमारत पर एक पूरी तरह से त्रिकोणीय खिड़की की तस्वीर।,models/gemini-2.5-flash,1,3,2,1,1,"The image shows a crowd of people, not a triangular window on a building as requested by the prompt.",stable-diffusion-v1-5,Geometry,-0.3670637309551239
/root/outputs_local/stable-diffusion-v1-5/Text/0052-hi.png,ईंट की दीवार पर एक नियॉन साइन जिस पर 'HELLO' लिखा है।,models/gemini-2.5-flash,1,3,2,1,1,The image is a complete mismatch for the prompt. It shows people instead of a neon sign on a brick wall.,stable-diffusion-v1-5,Text,-0.3832370936870575
/root/outputs_local/dreamlike-photoreal-2.0/Geometry/0137-hi.png,"एक आदमी आईने में देख रहा है, लेकिन प्रतिबिंब उसके सिर के पिछले हिस्से को दिखाता है।",models/gemini-2.5-flash,1,3,4,1,1,"The image shows a tiered structure with flags, completely unrelated to a man looking in a mirror.",dreamlike-photoreal-2.0,Geometry,-0.3686814606189728
/root/outputs_local/dreamlike-photoreal-2.0/Counting/0002-hi.png,एक इंसानी हाथ की यथार्थवादी क्लोज़-अप फोटो जिसमें ठीक 6 उंगलियां दिखाई दे रही हों।,models/gemini-2.5-flash,1,3,4,1,1,"The image shows two women, not a close-up of a human hand with 6 fingers as requested by the prompt.",dreamlike-photoreal-2.0,Counting,-0.35618165135383606
/root/outputs_local/stable-diffusion-v1-5/Counting/0007-hi.png,"एक इंसानी हाथ लहरा रहा है, लेकिन उसमें केवल 4 उंगलियां हैं।",models/gemini-2.5-flash,1,3,4,1,1,"No waving hand with 4 fingers is visible. The image shows a group of people, not the specific hand gesture requested.",stable-diffusion-v1-5,Counting,-0.3094973862171173
/root/outputs_local/stable-diffusion-v1-5/Text/0072-hi.png,एक कंप्यूटर स्क्रीन जिस पर एक लाल बॉक्स दिखाई दे रहा है जिसमें 'ERROR' लिखा है।,models/gemini-2.5-flash,1,3,2,5,1,"Image shows a crowd of people, completely unrelated to the prompt about a computer screen with an error message.",stable-diffusion-v1-5,Text,-0.32813742756843567
/root/outputs_local/dreamshaper-8/Spatial/0077-hi.png,एक खाली पार्क बेंच की तस्वीर जिसके आसपास बिल्कुल कोई कुत्ता नहीं है।,models/gemini-2.5-flash,1,3,4,1,1,"The image shows people sitting on the floor, not an empty park bench as requested by the prompt.",dreamshaper-8,Spatial,-0.3325463533401489
/root/outputs_local/dreamshaper-8/Spatial/0087-hi.png,"एक गत्ते के डिब्बे के बगल में बैठी बिल्ली, उसके अंदर नहीं।",models/gemini-2.5-flash,1,3,4,5,1,"Image shows an alleyway with a person, no cat or cardboard box as requested by the prompt.",dreamshaper-8,Spatial,-0.28440192341804504
/root/outputs_local/stable-diffusion-v1-5/Color/0157-hi.png,एक नीले स्ट्रॉबेरी का क्लोज़-अप।,models/gemini-2.5-flash,1,3,2,1,1,"The image shows a group of people, not a close-up of a blue strawberry. Complete mismatch with the prompt.",stable-diffusion-v1-5,Color,-0.3115050494670868
/root/outputs_local/stable-diffusion-v1-5/Geometry/0147-hi.png,एक परिदृश्य तस्वीर जहां क्षितिज रेखा क्षैतिज के बजाय ऊर्ध्वाधर (खड़ी) है।,models/gemini-2.5-flash,1,3,4,1,1,"The image is a deity portrait, not a landscape, and completely lacks a horizon line as requested.",stable-diffusion-v1-5,Geometry,-0.27316299080848694
/root/outputs_local/dreamlike-photoreal-2.0/Anatomy/0037-hi.png,"एक बिज़नेस सूट की असली पेंटिंग जो खड़ी है, लेकिन कोई सिर या चेहरा दिखाई नहीं दे रहा है।",models/gemini-2.5-flash,1,1,4,5,1,"The image shows a patterned textile and a book, not a painting of a standing business suit without a head.",dreamlike-photoreal-2.0,Anatomy,-0.21327205002307892
/root/outputs_local/dreamlike-photoreal-2.0/Spatial/0082-hi.png,एक मेज जिसके बाईं ओर एक लाल सेब है और दाईं ओर एक नीला कप है।,models/gemini-2.5-flash,1,3,4,1,1,"The image shows a large animal, completely unrelated to the requested table, red apple, and blue cup.",dreamlike-photoreal-2.0,Spatial,-0.33108624815940857
/root/outputs_local/dreamshaper-8/Anatomy/0027-hi.png,"एक यथार्थवादी मकड़ी जिसका एक पैर गायब है, इसलिए उसके केवल 7 पैर हैं।",models/gemini-2.5-flash,1,3,4,1,1,"The image shows a man, not a spider as requested by the prompt. Complete subject mismatch.",dreamshaper-8,Anatomy,-0.3949463665485382
/root/outputs_local/dreamlike-photoreal-2.0/Impossible/0122-hi.png,एक रात का आकाश जिसमें एक चंद्रमा है जो चौकोर आकार का है।,models/gemini-2.5-flash,1,3,4,1,1,"The image shows motorcycles in daylight, completely unrelated to a night sky with a square moon as requested by the prompt.",dreamlike-photoreal-2.0,Impossible,-0.3245304524898529
/root/outputs_local/stable-diffusion-v1-5/Impossible/0117-hi.png,एक शहर की सड़क जहां बारिश आसमान की ओर ऊपर जा रही है।,models/gemini-2.5-flash,1,3,4,1,1,"The image shows two men, not a city street or rain. The prompt's description is completely unmet by the image.",stable-diffusion-v1-5,Impossible,-0.3385959267616272
/root/outputs_local/dreamlike-photoreal-2.0/Anatomy/0042-hi.png,एक सफेद घोड़ा जिसकी पीठ पर बड़े ईगल के पंख हैं।,models/gemini-2.5-flash,1,3,4,5,1,"The image depicts an elaborate food presentation, not a white horse with eagle wings as requested by the prompt.",dreamlike-photoreal-2.0,Anatomy,-0.2975402772426605
/root/outputs_local/Realistic_Vision_V6.0_B1_noVAE/Counting/0017-hi.png,एक साधारण लकड़ी की मेज जिस पर ठीक 3 लाल सेब रखे हैं।,models/gemini-2.5-flash,1,3,4,1,1,"The image shows a woman, not a wooden table with red apples as requested in the prompt.",Realistic_Vision_V6.0_B1_noVAE,Counting,-0.3053532540798187
/root/outputs_local/dreamshaper-8/Spatial/0092-hi.png,एक साफ सफेद खाने की प्लेट जिस पर कोई खाना नहीं है।,models/gemini-2.5-flash,1,1,5,5,1,"The image shows a woman, not a clean white eating plate with no food as requested by the prompt.",dreamshaper-8,Spatial,-0.3417713940143585
/root/outputs_local/Realistic_Vision_V6.0_B1_noVAE/Impossible/0102-hi.png,एक सुनहरी मछली जो हवा से भरे (पानी से नहीं) लाइटबल्ब के अंदर तैर रही है।,models/gemini-2.5-flash,1,3,3,1,1,"The image is completely unrelated to the prompt, showing a woman with a plush toy instead of a goldfish in a lightbulb.",Realistic_Vision_V6.0_B1_noVAE,Impossible,-0.32791951298713684
/root/outputs_local/dreamlike-photoreal-2.0/Text/0057-hi.png,एक सॉकर खिलाड़ी जिसने जर्सी पहनी है जिस पर नंबर 7 लिखा है।,models/gemini-2.5-flash,1,3,4,1,1,"The image shows an ancient stone structure, completely unrelated to a soccer player as described in the prompt.",dreamlike-photoreal-2.0,Text,-0.2473696917295456
/root/outputs_local/dreamshaper-8/Text/0067-hi.png,एक सोने के बैज का क्लोज़-अप जिस पर 'POLICE' लिखा है।,models/gemini-2.5-flash,1,3,4,1,1,"The image is a full scene, not a close-up of a gold badge with 'POLICE' written on it. Complete mismatch.",dreamshaper-8,Text,-0.35585328936576843
/root/outputs_local/dreamlike-photoreal-2.0/Geometry/0132-hi.png,एस्चर-शैली की सीढ़ियाँ जो एक अनंत लूप में ऊपर जाती हैं।,models/gemini-2.5-flash,1,3,4,1,1,"Image shows a woman, not Escher-style stairs in an infinite loop as requested by the prompt. Complete mismatch.",dreamlike-photoreal-2.0,Geometry,-0.2356024533510208
/root/outputs_local/dreamshaper-8/Text/0062-hi.png,कागज का एक टुकड़ा जिस पर कर्सिव में 'Education' शब्द लिखा है।,models/gemini-2.5-flash,1,3,4,1,1,The specific word 'Education' in cursive is not visible on the paper; generic text is present instead.,dreamshaper-8,Text,-0.3256373107433319
/root/outputs_local/dreamshaper-8/Action/0197-hi.png,काली बाती वाली एक मोमबत्ती और कोई लौ नहीं।,models/gemini-2.5-flash,1,1,4,5,1,"The image shows a person, not a candle with a black wick and no flame. Complete mismatch with the prompt.",dreamshaper-8,Action,-0.10529642552137375
/root/outputs_local/dreamshaper-8/Counting/0022-hi.png,काले मखमल पर पड़े ठीक 2 सोने के सिक्कों का मैक्रो शॉट।,models/gemini-2.5-flash,1,3,4,1,1,"The image shows two people, not a macro shot of gold coins on black velvet as requested.",dreamshaper-8,Counting,-0.3451599180698395
/root/outputs_local/dreamlike-photoreal-2.0/Color/0152-hi.png,चमकदार नीली घास और लाल आसमान वाला एक परिदृश्य।,models/gemini-2.5-flash,1,3,4,1,1,"The image is a deity portrait, completely unrelated to the requested landscape with blue grass and red sky.",dreamlike-photoreal-2.0,Color,-0.1673612743616104
/root/outputs_local/dreamlike-photoreal-2.0/Anatomy/0047-hi.png,चमकदार हरी त्वचा वाली एक खूबसूरत महिला का चित्र।,models/gemini-2.5-flash,1,1,4,1,1,"The image shows a floral embroidery pattern, not a woman with green skin as requested by the prompt.",dreamlike-photoreal-2.0,Anatomy,-0.2352553904056549
/root/outputs_local/stable-diffusion-v1-5/Action/0187-hi.png,"ज़मीन पर चपटी हुई बास्केटबॉल, उछल नहीं रही है।",models/gemini-2.5-flash,1,3,2,5,1,"The image shows a group of people, not a flattened basketball. Complete mismatch with the prompt.",stable-diffusion-v1-5,Action,-0.3508138060569763
/root/outputs_local/stable-diffusion-v1-5/Action/0192-hi.png,टुकड़ों में बिखरता हुआ एक वाइन ग्लास।,models/gemini-2.5-flash,1,3,2,1,1,"The image shows a crowd of people, completely unrelated to the prompt's request for a shattering wine glass.",stable-diffusion-v1-5,Action,-0.31161943078041077
/root/outputs_local/stable-diffusion-v1-5/Spatial/0097-hi.png,"टोपी पहने हुए एक बूढ़े आदमी का चित्र, लेकिन चश्मा नहीं।",models/gemini-2.5-flash,1,3,4,1,1,"The image shows a village scene, not an old man wearing a hat and no glasses as requested by the prompt.",stable-diffusion-v1-5,Spatial,-0.34009912610054016
/root/outputs_local/Realistic_Vision_V6.0_B1_noVAE/Action/0177-hi.png,ट्रैक पर पीछे की ओर दौड़ता हुआ एक व्यक्ति।,models/gemini-2.5-flash,1,3,4,1,1,"The image shows a woman posing, not a person running backward on a track. Complete mismatch with the prompt.",Realistic_Vision_V6.0_B1_noVAE,Action,-0.3105514943599701
/root/outputs_local/dreamlike-photoreal-2.0/Texture/0172-hi.png,पूरी तरह से पारदर्शी कांच से बनी एक कार।,models/gemini-2.5-flash,1,3,4,5,1,"The image shows an ancient stone building, not a transparent glass car as requested by the prompt.",dreamlike-photoreal-2.0,Texture,-0.3801513612270355
/root/outputs_local/dreamshaper-8/Action/0182-hi.png,बोतल से पानी गिर रहा है लेकिन हवा में ही तुरंत जम रहा है।,models/gemini-2.5-flash,1,3,5,5,1,"Image shows a woman, completely unrelated to the prompt about water falling from a bottle and freezing.",dreamshaper-8,Action,-0.3640303611755371
/root/outputs_local/dreamshaper-8/Texture/0167-hi.png,मुलायम फर से ढकी एक चट्टान।,models/gemini-2.5-flash,1,3,4,1,1,"The image shows a person, not a rock covered with soft fur as requested by the prompt.",dreamshaper-8,Texture,-0.3006606996059418
/root/outputs_local/stable-diffusion-v1-5/Impossible/0112-hi.png,समुद्र के तल पर पानी के भीतर एक कैम्प फायर (अलाव) जल रहा है।,models/gemini-2.5-flash,1,3,4,1,1,"The image shows a stone temple/stupa surrounded by trees, completely unrelated to an underwater campfire.",stable-diffusion-v1-5,Impossible,-0.3250761926174164
/root/outputs_local/stable-diffusion-v1-5/Color/0162-hi.png,हरी और पीली धारियों वाला एक ज़ेबरा।,models/gemini-2.5-flash,1,3,3,1,1,"Image shows a large crowd of people, not a zebra with green and yellow stripes as requested.",stable-diffusion-v1-5,Color,-0.3587518632411957
/root/outputs_local/dreamshaper-8/Geometry/0142-hi.png,हवा में तैरता हुआ एक घन जिसकी परछाई एक वृत्त (गोला) है।,models/gemini-2.5-flash,1,3,4,5,1,"The image shows a person, not a floating cube with a circular shadow as described in the prompt. Complete mismatch.",dreamshaper-8,Geometry,-0.19536884129047394
/root/outputs_local/Realistic_Vision_V6.0_B1_noVAE/Geometry/0130-as.png,অট্টালিকা এটাত এখন সম্পূৰ্ণ ত্ৰিভুজাকাৰ খিৰিকীৰ ফটো।,models/gemini-2.5-flash,1,3,4,1,1,"The image shows a person, not a building with a triangular window as requested by the prompt.",Realistic_Vision_V6.0_B1_noVAE,Geometry,-0.2907467186450958
/root/outputs_local/dreamshaper-8/Impossible/0110-as.png,আকাশত বগা ডাৱৰৰ ওপৰেৰে চলি থকা এখন ৰঙা গাড়ী।,models/gemini-2.5-flash,1,3,5,5,1,"The image shows a man, not a red car over white clouds in the sky as described in the prompt.",dreamshaper-8,Impossible,-0.3213927447795868
/root/outputs_local/stable-diffusion-v1-5/Text/0055-as.png,ইটাৰ দেৱালত এটা নিয়ন চাইন য'ত 'HELLO' বুলি লিখা আছে।,models/gemini-2.5-flash,1,3,3,5,1,"Image completely fails to depict any elements from the prompt: no brick wall, no neon sign, no 'HELLO' text.",stable-diffusion-v1-5,Text,-0.329324334859848
/root/outputs_local/dreamshaper-8/Color/0155-as.png,উজ্জ্বল নীলা ঘাঁহ আৰু ৰঙা আকাশ থকা এক দৃশ্য।,models/gemini-2.5-flash,1,1,4,5,1,"The image is completely unrelated to the prompt, which describes a landscape with bright blue grass and a red sky.",dreamshaper-8,Color,-0.2977061867713928
/root/outputs_local/dreamlike-photoreal-2.0/Anatomy/0050-as.png,উজ্জ্বল সেউজীয়া ছালৰ এগৰাকী সুন্দৰী মহিলাৰ প্ৰতিকৃতি।,models/gemini-2.5-flash,1,3,3,1,1,"The image shows a building and landscape, not a portrait of a woman with green skin as requested by the prompt.",dreamlike-photoreal-2.0,Anatomy,-0.3905867636203766
/root/outputs_local/dreamlike-photoreal-2.0/Text/0075-as.png,এখন কম্পিউটাৰ স্ক্ৰীণ য'ত 'ERROR' লিখা এটা ৰঙা বাকচ দেখা গৈছে।,models/gemini-2.5-flash,1,3,4,1,1,"The image shows a garden and a building, completely unrelated to a computer screen with an 'ERROR' message.",dreamlike-photoreal-2.0,Text,-0.3458394706249237
/root/outputs_local/dreamshaper-8/Text/0065-as.png,এখন কাগজৰ টুকুৰা য'ত 'Education' শব্দটো পেঁচাই লিখা আছে।,models/gemini-2.5-flash,1,3,4,1,1,"The image shows a person with books, not a piece of paper with 'Education' written in cursive as requested.",dreamshaper-8,Text,-0.38248464465141296
/root/outputs_local/dreamlike-photoreal-2.0/Spatial/0080-as.png,এখন খালী উদ্যানৰ বেঞ্চৰ ফটো যাৰ আশে-পাশে কোনো কুকুৰ নাই।,models/gemini-2.5-flash,5,1,4,5,5,"The image perfectly matches the prompt, showing an empty park bench with no dogs in a garden setting.",dreamlike-photoreal-2.0,Spatial,-0.32690778374671936
/root/outputs_local/dreamshaper-8/Impossible/0120-as.png,এখন চহৰৰ ৰাস্তা য'ত বৰষুণজাক আকাশৰ ফালে ওপৰলৈ গৈ আছে।,models/gemini-2.5-flash,1,3,4,1,1,"The image is completely unrelated to the prompt, which describes a city street with rain going upwards.",dreamshaper-8,Impossible,-0.3175758123397827
/root/outputs_local/dreamlike-photoreal-2.0/Spatial/0085-as.png,এখন টেবুল যাৰ বাওঁফালে এটা ৰঙা আপেল আৰু সোঁফালে এটা নীলা কাপ আছে।,models/gemini-2.5-flash,1,3,4,1,1,"The image shows a building and fences, completely unrelated to a table with a red apple and a blue cup.",dreamlike-photoreal-2.0,Spatial,-0.29956546425819397
/root/outputs_local/dreamshaper-8/Impossible/0125-as.png,এখন নিশাৰ আকাশ য'ত জোনটো বৰ্গাকৃতিৰ।,models/gemini-2.5-flash,1,3,4,5,1,"The image shows a man indoors, completely unrelated to the prompt describing a night sky with a square moon.",dreamshaper-8,Impossible,-0.2998825013637543
/root/outputs_local/dreamshaper-8/Geometry/0150-as.png,এখন প্ৰাকৃতিক দৃশ্যৰ ফটো য'ত দিগন্ত ৰেখা অনুভূমিক হোৱাৰ পৰিৱৰ্তে উলম্ব।,models/gemini-2.5-flash,1,3,4,1,1,"The image is a portrait of a person, not a natural landscape, and does not feature a vertical horizon line.",dreamshaper-8,Geometry,-0.2962164878845215
/root/outputs_local/dreamshaper-8/Spatial/0095-as.png,এখন পৰিষ্কাৰ বগা খোৱা প্লেট যাৰ ওপৰত কোনো খাদ্য নাই।,models/gemini-2.5-flash,1,3,5,1,1,"The prompt requested a clean white plate with no food, but the image shows two people. Complete mismatch.",dreamshaper-8,Spatial,-0.3573690354824066
/root/outputs_local/Realistic_Vision_V6.0_B1_noVAE/Counting/0010-as.png,"এখন মানুহৰ হাতে লৰাই আছে, কিন্তু তাত মাত্ৰ ৪টা আঙুলিহে আছে।",models/gemini-2.5-flash,1,5,4,5,1,"The prompt claims only 4 fingers, but the image clearly shows 5 fingers on both hands.",Realistic_Vision_V6.0_B1_noVAE,Counting,-0.3414948284626007
/root/outputs_local/stable-diffusion-v1-5/Counting/0005-as.png,এখন মানুহৰ হাতৰ বাস্তৱধৰ্মী ফটো য'ত ঠিক ৬টা আঙুলি দেখা গৈছে।,models/gemini-2.5-flash,1,3,3,1,1,"No clear 6-fingered hand is visible. Hands are distorted and unrealistic, not matching the prompt's request.",stable-diffusion-v1-5,Counting,-0.3322578966617584
/root/outputs_local/Realistic_Vision_V6.0_B1_noVAE/Counting/0015-as.png,এখন মিউটেণ্ট মেকুৰীৰ ফটো যিটো ৫খন ভৰিত থিয় হৈ আছে।,models/gemini-2.5-flash,1,3,4,1,1,"The image shows two human females, not a mutant cat standing on 5 legs as requested by the prompt.",Realistic_Vision_V6.0_B1_noVAE,Counting,-0.38870158791542053
/root/outputs_local/dreamshaper-8/Counting/0020-as.png,এখন সাধাৰণ কাঠৰ টেবুল যাৰ ওপৰত ঠিক ৩টা ৰঙা আপেল আছে।,models/gemini-2.5-flash,1,3,5,1,1,"The image shows a man, not a wooden table with 3 red apples as requested in the prompt.",dreamshaper-8,Counting,-0.29551374912261963
/root/outputs_local/stable-diffusion-v1-5/Text/0060-as.png,এজন ফুটবলাৰ যিয়ে ৭ নম্বৰ লিখা জাৰ্চি পিন্ধি আছে।,models/gemini-2.5-flash,1,3,1,1,1,"Image shows a distorted crowd, not a footballer with a number 7 jersey. Very poor quality.",stable-diffusion-v1-5,Text,-0.31993064284324646
/root/outputs_local/dreamshaper-8/Geometry/0140-as.png,"এজন মানুহে আইনা চাই আছে, কিন্তু প্ৰতিবিম্বত তেওঁৰ মূৰৰ পিছফালটো দেখা গৈছে।",models/gemini-2.5-flash,1,3,4,5,1,"The image completely fails to depict the core elements of the prompt: no mirror, no reflection, no surreal effect.",dreamshaper-8,Geometry,-0.3508000075817108
/root/outputs_local/dreamshaper-8/Anatomy/0030-as.png,"এজনী বাস্তৱধৰ্মী মকৰা যাৰ এখন ভৰি নাই, গতিকে তাৰ মাত্ৰ ৭খন ভৰিহে আছে।",models/gemini-2.5-flash,1,3,4,1,1,"The image shows two humans, not a spider as described in the prompt. Complete mismatch.",dreamshaper-8,Anatomy,-0.3410709798336029
/root/outputs_local/stable-diffusion-v1-5/Impossible/0105-as.png,"এটা গোল্ডফিছ যিটো পানীৰে নহয়, বতাহেৰে ভৰা লাইটবাল্বৰ ভিতৰত সাঁতুৰি আছে।",models/gemini-2.5-flash,1,3,3,5,1,"The image shows a group of people, completely unrelated to a goldfish swimming in an air-filled lightbulb.",stable-diffusion-v1-5,Impossible,-0.3776164948940277
/root/outputs_local/Realistic_Vision_V6.0_B1_noVAE/Color/0160-as.png,এটা নীলা ষ্ট্ৰবেৰীৰ ক্ল'জ আপ।,models/gemini-2.5-flash,1,3,4,1,1,"The image shows a woman holding a child, not a close-up of a blue strawberry as described in the prompt.",Realistic_Vision_V6.0_B1_noVAE,Color,-0.3101508319377899
/root/outputs_local/dreamlike-photoreal-2.0/Anatomy/0045-as.png,এটা বগা ঘোঁৰা যাৰ পিঠিত ঈগলৰ ডাঙৰ পাহি আছে।,models/gemini-2.5-flash,1,1,4,5,1,"The image shows pink flowers, completely unrelated to the white horse with eagle wings described in the prompt.",dreamlike-photoreal-2.0,Anatomy,-0.34514516592025757
/root/outputs_local/stable-diffusion-v1-5/Spatial/0090-as.png,"এটা মেকুৰী কাৰ্ডবৰ্ডৰ বাকচৰ কাষত বহি আছে, তাৰ ভিতৰত নহয়।",models/gemini-2.5-flash,1,3,2,1,1,"The image shows a crowd of people, completely unrelated to the prompt describing a cat and a cardboard box.",stable-diffusion-v1-5,Spatial,-0.28524231910705566
/root/outputs_local/Realistic_Vision_V6.0_B1_noVAE/Text/0070-as.png,এটা সোণৰ বেজৰ ক্ল'জ আপ য'ত 'POLICE' বুলি লিখা আছে।,models/gemini-2.5-flash,1,3,3,1,1,"The image shows a person in a police uniform, not a close-up of a gold badge with 'POLICE' written on it.",Realistic_Vision_V6.0_B1_noVAE,Text,-0.3467518985271454
/root/outputs_local/stable-diffusion-v1-5/Geometry/0135-as.png,এস্কাৰ-শৈলীৰ চিৰি যিবোৰ এটা অনন্ত লুপত ওপৰলৈ গৈ থাকে।,models/gemini-2.5-flash,1,3,2,5,1,"The image shows umbrellas/canopies in a park, not escalator-style stairs in an infinite loop as requested.",stable-diffusion-v1-5,Geometry,-0.31284385919570923
/root/outputs_local/dreamshaper-8/Counting/0025-as.png,কলা ভেলভেটৰ ওপৰত থকা ঠিক ২টা সোণৰ মুদ্ৰাৰ মেক্ৰ’ শ্বট।,models/gemini-2.5-flash,1,3,4,1,1,"The image shows a portrait of a person, not a macro shot of two gold coins on black velvet.",dreamshaper-8,Counting,-0.2925862967967987
/root/outputs_local/dreamlike-photoreal-2.0/Action/0200-as.png,কলা শলিতা থকা এডাল মমবাতি আৰু কোনো জুই নাই।,models/gemini-2.5-flash,1,3,4,5,1,"The image shows palm trees and a path, completely unrelated to the prompt about a candle with a black wick and no fire.",dreamlike-photoreal-2.0,Action,-0.32826992869377136
/root/outputs_local/dreamlike-photoreal-2.0/Texture/0170-as.png,কোমল নোমেৰে আবৃত এটা শিল।,models/gemini-2.5-flash,1,1,4,5,1,"The image shows a bowl of green powder, not a rock covered with soft moss as described in the prompt.",dreamlike-photoreal-2.0,Texture,-0.28747156262397766
/root/outputs_local/dreamlike-photoreal-2.0/Action/0195-as.png,টুকুৰা টুকুৰকৈ ভাঙি যোৱা এটা ৱাইন গ্লাছ।,models/gemini-2.5-flash,1,3,4,5,1,"The image shows an outdoor gazebo with flower petals, completely unrelated to a breaking wine glass.",dreamlike-photoreal-2.0,Action,-0.3223707377910614
/root/outputs_local/stable-diffusion-v1-5/Spatial/0100-as.png,টুপি পিন্ধা এজন বৃদ্ধ মানুহৰ প্ৰতিকৃতি কিন্তু চচমা নাই।,models/gemini-2.5-flash,1,1,2,5,1,"The image does not show an old man, a hat, or a portrait. It's a market scene with distorted figures.",stable-diffusion-v1-5,Spatial,-0.3493598401546478
/root/outputs_local/stable-diffusion-v1-5/Action/0180-as.png,ট্ৰেকত পিছফাললৈ দৌৰি থকা এজন ব্যক্তি।,models/gemini-2.5-flash,1,3,3,1,1,"The image shows a crowd by a canal, not a person running backward on a track.",stable-diffusion-v1-5,Action,-0.39310532808303833
/root/outputs_local/dreamlike-photoreal-2.0/Anatomy/0040-as.png,"থিয় হৈ থকা এটা ব্যৱসায়িক চুটৰ অতিবাস্তৱ ছবি, কিন্তু কোনো মূৰ বা মুখ দেখা যোৱা নাই।",models/gemini-2.5-flash,1,3,4,1,1,"The image shows a garden with flowers and trees, completely unrelated to a business suit as requested in the prompt.",dreamlike-photoreal-2.0,Anatomy,-0.3416721522808075
/root/outputs_local/dreamshaper-8/Action/0185-as.png,বটলৰ পৰা পানী ওলাইছে কিন্তু লগে লগে বতাহতে গোট মাৰিছে।,models/gemini-2.5-flash,1,3,5,1,1,The image shows two people; it does not depict water coming out of a bottle or freezing in the air.,dreamshaper-8,Action,-0.34536996483802795
/root/outputs_local/Realistic_Vision_V6.0_B1_noVAE/Geometry/0145-as.png,বতাহত ভাঁহি থকা এটা ঘনক যাৰ ছাঁটো এটা বৃত্ত।,models/gemini-2.5-flash,1,3,4,1,1,"The image shows a woman with a plant, completely unrelated to the prompt's description of a floating cube with a circular shadow.",Realistic_Vision_V6.0_B1_noVAE,Geometry,-0.30435964465141296
/root/outputs_local/dreamshaper-8/Action/0190-as.png,"মাটিত চেপেটা হৈ থকা এটা বাস্কেটবল, বাউন্স হোৱা নাই।",models/gemini-2.5-flash,1,3,5,1,1,"The image shows a woman, not a flattened basketball. Complete thematic mismatch with the prompt.",dreamshaper-8,Action,-0.32158565521240234
/root/outputs_local/dreamshaper-8/Texture/0175-as.png,সম্পূৰ্ণ স্বচ্ছ কাঁচৰ দ্বাৰা নিৰ্মিত এখন গাড়ী।,models/gemini-2.5-flash,1,3,4,1,1,"The image is completely unrelated to the prompt, which requested a transparent glass car.",dreamshaper-8,Texture,-0.23628270626068115
/root/outputs_local/dreamlike-photoreal-2.0/Impossible/0115-as.png,সাগৰৰ তলত পানীৰ তলত উজ্জ্বলকৈ জ্বলি থকা এক কেম্পফায়াৰ।,models/gemini-2.5-flash,1,3,5,1,1,"The image shows flowers/plant structures, not an underwater campfire as described in the prompt.",dreamlike-photoreal-2.0,Impossible,-0.36579543352127075
/root/outputs_local/dreamlike-photoreal-2.0/Color/0165-as.png,সেউজীয়া আৰু হালধীয়া পটি থকা এটা জেব্ৰা।,models/gemini-2.5-flash,1,3,4,1,1,The image does not contain a zebra. It shows a scene with green plants and colorful fabrics instead.,dreamlike-photoreal-2.0,Color,-0.3508634567260742
/root/outputs_local/dreamshaper-8/Anatomy/0035-as.png,৩খন হাত থকা এজন হিন্দু দেৱতাৰ স্কেচ।,models/gemini-2.5-flash,1,5,5,1,1,"Image is a realistic photo, not a sketch, and shows only two hands instead of the requested three.",dreamshaper-8,Anatomy,-0.30277833342552185
