image_path,prompt,model_name,consistency,bias,image_quality,hallucination,overall_score,other_notes
/root/outputs_local/dreamshaper-8/Anatomy/0032-hi.png,3 भुजाओं वाले एक हिंदू देवता का स्केच।,models/gemini-2.5-flash,1,3,4,1,1,"Image shows three women, not a deity with 3 arms, and is a realistic image, not a sketch."
/root/outputs_local/dreamlike-photoreal-2.0/Counting/0012-hi.png,5 पैरों पर खड़ी एक उत्परिवर्ती (म्यूटेंट) बिल्ली की तस्वीर।,models/gemini-2.5-flash,1,1,5,5,1,"The image shows a waterfall, not a mutant cat with 5 legs. Complete mismatch with the prompt."
/root/outputs_local/Realistic_Vision_V6.0_B1_noVAE/Action/0186-en.png,"A basketball flattened on the ground, not bouncing.",models/gemini-2.5-flash,5,1,5,1,5,"The image perfectly depicts a flattened basketball on the ground, consistent with the prompt."
/root/outputs_local/dreamshaper-8/Impossible/0111-en.png,A campfire burning brightly underwater on the ocean floor.,models/gemini-2.5-flash,5,1,5,1,5,Image perfectly depicts a fantastical campfire burning brightly underwater on the ocean floor.
/root/outputs_local/dreamlike-photoreal-2.0/Action/0196-en.png,A candle with a black wick and no flame.,models/gemini-2.5-flash,1,1,4,5,1,"The prompt explicitly requested 'no flame', but the image clearly shows a lit candle with a flame."
/root/outputs_local/dreamlike-photoreal-2.0/Texture/0171-en.png,A car made entirely of transparent glass.,models/gemini-2.5-flash,2,1,4,1,2,"The car is mostly opaque teal, not entirely transparent glass. Only windows are transparent."
/root/outputs_local/dreamlike-photoreal-2.0/Spatial/0086-en.png,"A cat sitting next to a cardboard box, not inside it.",models/gemini-2.5-flash,1,3,5,5,1,"The cat is sitting inside the large cardboard box, directly contradicting the prompt's 'not inside it'."
/root/outputs_local/Realistic_Vision_V6.0_B1_noVAE/Impossible/0116-en.png,A city street where the rain is falling upwards towards the sky.,models/gemini-2.5-flash,5,1,4,1,5,"Successfully depicts rain falling upwards in a city street, matching the surreal prompt."
/root/outputs_local/dreamlike-photoreal-2.0/Spatial/0091-en.png,A clean white dinner plate that has no food on it.,models/gemini-2.5-flash,5,1,5,2,4,"Image includes a second plate, fork, and part of another dish not specified in the prompt."
/root/outputs_local/stable-diffusion-v1-5/Text/0066-en.png,A close up of a gold badge that says 'POLICE'.,models/gemini-2.5-flash,4,5,4,5,4,The word 'POLICE' is visible but some letters are slightly distorted or stylized.
/root/outputs_local/dreamshaper-8/Color/0156-en.png,A close-up of a blue strawberry.,models/gemini-2.5-flash,5,1,5,1,5,"Image perfectly matches the prompt for a close-up of a blue strawberry, despite the fruit's unnatural color."
/root/outputs_local/dreamshaper-8/Text/0071-en.png,A computer screen displaying a red box with the text 'ERROR'.,models/gemini-2.5-flash,2,1,4,4,2,Screen has red elements but no clear 'ERROR' text in a red box. Most text is illegible.
/root/outputs_local/stable-diffusion-v1-5/Geometry/0141-en.png,A cube floating in the air casting a shadow that is a circle.,models/gemini-2.5-flash,1,1,5,4,2,"The image shows a sphere, not a cube, although it is floating and casting a circular shadow as requested."
/root/outputs_local/stable-diffusion-v1-5/Impossible/0101-en.png,"A goldfish swimming inside a lightbulb filled with air, not water.",models/gemini-2.5-flash,5,1,5,1,5,The image perfectly captures the surreal concept of a goldfish swimming in an air-filled lightbulb.
/root/outputs_local/stable-diffusion-v1-5/Counting/0006-en.png,"A human hand waving, but it has only 4 fingers.",models/gemini-2.5-flash,1,1,4,1,1,"The hand has 5 fingers, not 4, and the pose is not clearly waving."
/root/outputs_local/dreamshaper-8/Geometry/0146-en.png,A landscape photo where the horizon line is vertical instead of horizontal.,models/gemini-2.5-flash,1,1,4,1,1,"The horizon line in the image is horizontal, directly contradicting the prompt's request for a vertical one."
/root/outputs_local/dreamlike-photoreal-2.0/Color/0151-en.png,A landscape with bright blue grass and a red sky.,models/gemini-2.5-flash,4,3,5,5,4,"Features a red sky and a distinct section of blue/teal grass, matching the prompt well."
/root/outputs_local/stable-diffusion-v1-5/Counting/0021-en.png,A macro shot of exactly 2 gold coins lying on black velvet.,models/gemini-2.5-flash,1,3,4,1,1,"The image clearly shows many gold coins, not 'exactly 2' as specified in the prompt."
/root/outputs_local/dreamlike-photoreal-2.0/Geometry/0136-en.png,"A man looking in a mirror, but the reflection shows the back of his head.",models/gemini-2.5-flash,5,1,5,1,5,The image perfectly depicts the impossible reflection described in the prompt.
/root/outputs_local/Realistic_Vision_V6.0_B1_noVAE/Text/0051-en.png,A neon sign on a brick wall that says 'HELLO'.,models/gemini-2.5-flash,2,1,4,4,2,"The neon sign is on a brick wall, but the text is distorted and does not clearly spell 'HELLO'."
/root/outputs_local/stable-diffusion-v1-5/Impossible/0121-en.png,A night sky with a moon that is shaped like a square.,models/gemini-2.5-flash,1,1,4,1,1,"The image shows a night sky with stars and a building, but there is no moon, and certainly not a square-shaped one."
/root/outputs_local/dreamlike-photoreal-2.0/Action/0176-en.png,A person running backwards on a track.,models/gemini-2.5-flash,1,3,4,5,1,"The person is running forwards on the track, not backwards as specified in the prompt."
/root/outputs_local/Realistic_Vision_V6.0_B1_noVAE/Counting/0011-en.png,A photo of a mutant cat standing on 5 legs.,models/gemini-2.5-flash,2,1,3,4,2,"The cat has 4 legs, not 5 as requested. It does look somewhat 'mutant' or distorted."
/root/outputs_local/Realistic_Vision_V6.0_B1_noVAE/Spatial/0076-en.png,A photo of an empty park bench with absolutely no dogs nearby.,models/gemini-2.5-flash,5,1,4,1,5,"The image perfectly matches the prompt, showing empty park benches with no dogs."
/root/outputs_local/Realistic_Vision_V6.0_B1_noVAE/Geometry/0126-en.png,A photograph of a perfectly triangular window on a building.,models/gemini-2.5-flash,3,3,4,5,3,"The window structure forms a triangular shape, but individual panes are not perfectly triangular as implied."
/root/outputs_local/Realistic_Vision_V6.0_B1_noVAE/Text/0061-en.png,A piece of paper with the word 'Education' written in cursive.,models/gemini-2.5-flash,1,5,4,1,1,"The word written on the paper is not 'Education' and is largely illegible, failing the core prompt request."
/root/outputs_local/Realistic_Vision_V6.0_B1_noVAE/Spatial/0096-en.png,A portrait of an old man wearing a hat but no glasses.,models/gemini-2.5-flash,5,5,5,5,5,"Image perfectly matches all aspects of the prompt: an old man, hat, no glasses, and portrait style."
/root/outputs_local/dreamlike-photoreal-2.0/Counting/0001-en.png,A realistic close-up photo of a human hand showing exactly 6 fingers.,models/gemini-2.5-flash,5,3,5,5,5,Image accurately depicts a human hand with exactly 6 distinct fingers as requested.
/root/outputs_local/dreamshaper-8/Anatomy/0026-en.png,"A realistic spider that is missing a leg, so it has only 7 legs.",models/gemini-2.5-flash,5,5,5,5,5,"Spider accurately depicted with 7 attached legs and one detached leg, matching the prompt perfectly."
/root/outputs_local/stable-diffusion-v1-5/Impossible/0106-en.png,A red car driving on fluffy white clouds in the sky.,models/gemini-2.5-flash,3,1,4,5,3,"The red car is in the sky with clouds, but it is floating, not driving on the clouds."
/root/outputs_local/dreamshaper-8/Texture/0166-en.png,A rock covered in soft fur.,models/gemini-2.5-flash,1,3,4,5,1,"The image shows rocks and grass, but completely fails to depict any fur, which is a key element of the prompt."
/root/outputs_local/stable-diffusion-v1-5/Counting/0016-en.png,A simple wooden table with exactly 3 red apples on it.,models/gemini-2.5-flash,5,1,4,1,5,"Image perfectly matches the prompt, showing exactly 3 red apples on a simple wooden table."
/root/outputs_local/dreamshaper-8/Anatomy/0031-en.png,A sketch of a Hindu deity with 3 arms.,models/gemini-2.5-flash,1,5,5,1,1,"The image clearly shows 4 arms, but the prompt specifically requested a deity with 3 arms."
/root/outputs_local/dreamlike-photoreal-2.0/Text/0056-en.png,A soccer player wearing a jersey with the number 7 on it.,models/gemini-2.5-flash,5,5,5,5,5,"Image perfectly matches the prompt, showing a soccer player with number 7 on the jersey."
/root/outputs_local/stable-diffusion-v1-5/Anatomy/0036-en.png,"A surreal painting of a business suit standing up, but with no head or face visible.",models/gemini-2.5-flash,5,1,5,1,5,"The image perfectly matches all aspects of the prompt, including the surreal and headless elements."
/root/outputs_local/stable-diffusion-v1-5/Spatial/0081-en.png,A table with a red apple on the left and a blue cup on the right.,models/gemini-2.5-flash,5,1,4,1,5,Image accurately depicts a red apple on the left and a blue cup on the right on a table.
/root/outputs_local/Realistic_Vision_V6.0_B1_noVAE/Anatomy/0041-en.png,A white horse with large eagle wings on its back.,models/gemini-2.5-flash,1,1,3,1,1,"The image shows a griffin-like creature, not a horse. It has a bird's head and body, not an equine one."
/root/outputs_local/dreamlike-photoreal-2.0/Action/0191-en.png,A wine glass shattering into pieces.,models/gemini-2.5-flash,1,3,5,5,1,"The image shows wine being poured into an intact glass, not a shattering glass as requested by the prompt."
/root/outputs_local/dreamlike-photoreal-2.0/Color/0161-en.png,A zebra with green and yellow stripes.,models/gemini-2.5-flash,4,1,4,1,4,"The zebra has dark and yellowish-green stripes, which aligns well with the prompt's request for green and yellow."
/root/outputs_local/dreamlike-photoreal-2.0/Action/0183-es.png,Agua saliendo de una botella pero congelándose en el aire al instante.,models/gemini-2.5-flash,5,3,5,5,5,Excellent depiction of water freezing mid-air as it's poured in a cold environment.
/root/outputs_local/dreamshaper-8/Geometry/0133-es.png,Escaleras estilo Escher que suben en un bucle infinito.,models/gemini-2.5-flash,1,1,4,1,1,"The stairs are grand but lack the impossible, looping nature characteristic of Escher's work."
/root/outputs_local/Realistic_Vision_V6.0_B1_noVAE/Geometry/0131-en.png,Escher-style stairs that go up in an infinite loop.,models/gemini-2.5-flash,4,1,5,1,4,"Good representation of a spiral staircase, evokes infinite loop, but lacks the impossible 'Escher-style' element."
/root/outputs_local/dreamshaper-8/Anatomy/0046-en.png,Portrait of a beautiful woman with bright green skin.,models/gemini-2.5-flash,5,3,5,5,5,"Excellent match for the prompt, depicting a beautiful woman with vibrant green skin and hair."
/root/outputs_local/dreamshaper-8/Anatomy/0048-es.png,Retrato de una hermosa mujer con la piel de color verde brillante.,models/gemini-2.5-flash,5,3,5,5,5,"The image perfectly matches the prompt, depicting a beautiful woman with bright green skin."
/root/outputs_local/stable-diffusion-v1-5/Anatomy/0033-es.png,Un boceto de una deidad hindú con 3 brazos.,models/gemini-2.5-flash,1,3,4,1,1,"The image shows horned horses/mules, not a sketch of a Hindu deity with 3 arms. Complete mismatch."
/root/outputs_local/dreamshaper-8/Anatomy/0043-es.png,Un caballo blanco con grandes alas de águila en la espalda.,models/gemini-2.5-flash,5,3,5,5,5,"The image perfectly depicts a white horse with large eagle-like wings, matching the prompt entirely."
/root/outputs_local/stable-diffusion-v1-5/Impossible/0123-es.png,Un cielo nocturno con una luna que tiene forma cuadrada.,models/gemini-2.5-flash,1,3,4,5,1,"The prompt requested a square moon, but the moon in the image is clearly round."
/root/outputs_local/dreamlike-photoreal-2.0/Texture/0173-es.png,Un coche hecho enteramente de vidrio transparente.,models/gemini-2.5-flash,1,3,4,3,1,"The car is covered in a translucent mesh-like material, not made entirely of transparent glass."
/root/outputs_local/dreamshaper-8/Impossible/0108-es.png,Un coche rojo conduciendo sobre nubes blancas y esponjosas en el cielo.,models/gemini-2.5-flash,4,1,5,4,4,"The car is floating among clouds, not literally driving on them. Some clouds are reddish, not just white."
/root/outputs_local/Realistic_Vision_V6.0_B1_noVAE/Geometry/0143-es.png,Un cubo flotando en el aire proyectando una sombra que es un círculo.,models/gemini-2.5-flash,1,3,4,1,1,"The image shows a person and red blocks, not a floating cube with a circular shadow as requested."
/root/outputs_local/dreamshaper-8/Spatial/0088-es.png,"Un gato sentado al lado de una caja de cartón, no dentro de ella.",models/gemini-2.5-flash,3,5,5,5,3,"Cat is next to the box and not inside, but it is walking/crouching, not sitting as prompted."
/root/outputs_local/dreamlike-photoreal-2.0/Geometry/0138-es.png,"Un hombre mirándose en un espejo, pero el reflejo muestra la parte posterior de su cabeza.",models/gemini-2.5-flash,1,1,5,1,1,"The reflection does not show the back of the man's head; it shows another frontal view, failing the main prompt instruction."
/root/outputs_local/dreamshaper-8/Text/0058-es.png,Un jugador de fútbol con una camiseta que tiene el número 7.,models/gemini-2.5-flash,1,3,4,4,1,"The jersey clearly shows the number '1?' or '12', not '7' as specified in the prompt."
/root/outputs_local/dreamlike-photoreal-2.0/Text/0053-es.png,Un letrero de neón en una pared de ladrillo que dice 'HELLO'.,models/gemini-2.5-flash,1,1,4,5,1,"The image shows colorful graffiti on a wall, not a neon sign that says 'HELLO'."
/root/outputs_local/dreamshaper-8/Color/0153-es.png,Un paisaje con hierba azul brillante y un cielo rojo.,models/gemini-2.5-flash,1,5,4,4,1,"The prompt requested a red sky and blue grass, but the image shows a blue sky and no blue grass."
/root/outputs_local/dreamlike-photoreal-2.0/Impossible/0103-es.png,"Un pez dorado nadando dentro de una bombilla llena de aire, no de agua.",models/gemini-2.5-flash,1,1,4,5,1,"The image shows abstract toys, not a goldfish swimming inside a light bulb as described in the prompt."
/root/outputs_local/dreamlike-photoreal-2.0/Spatial/0093-es.png,Un plato de cena blanco y limpio que no tiene comida.,models/gemini-2.5-flash,1,1,4,5,1,"The image clearly shows food (tomatoes, green beans, white patties), directly contradicting 'que no tiene comida'."
/root/outputs_local/stable-diffusion-v1-5/Color/0158-es.png,Un primer plano de una fresa azul.,models/gemini-2.5-flash,1,3,4,1,1,"The prompt asks for a blue strawberry, but the image shows a red strawberry on a blue dessert."
/root/outputs_local/dreamlike-photoreal-2.0/Text/0068-es.png,Un primer plano de una insignia dorada que dice 'POLICE'.,models/gemini-2.5-flash,2,3,4,1,2,"Badge is silver, not golden. Text is garbled, not clearly 'POLICE'."
/root/outputs_local/dreamshaper-8/Spatial/0098-es.png,Un retrato de un anciano con sombrero pero sin gafas.,models/gemini-2.5-flash,5,1,5,5,5,"The image perfectly matches all aspects of the prompt: an old man, a hat, no glasses, and a portrait style."
/root/outputs_local/dreamlike-photoreal-2.0/Text/0063-es.png,Un trozo de papel con la palabra 'Education' escrita en cursiva.,models/gemini-2.5-flash,1,1,4,5,1,"The image shows gibberish text on a dark background, not the word 'Education' in cursive on a piece of paper."
/root/outputs_local/dreamlike-photoreal-2.0/Anatomy/0028-es.png,"Una araña realista a la que le falta una pata, por lo que solo tiene 7 patas.",models/gemini-2.5-flash,2,3,4,1,2,"The spider in the image has 8 legs, not 7 as requested in the prompt."
/root/outputs_local/dreamlike-photoreal-2.0/Impossible/0118-es.png,"Una calle de la ciudad donde la lluvia cae hacia arriba, hacia el cielo.",models/gemini-2.5-flash,1,1,5,5,1,The image shows a wet city street but completely fails to depict rain falling upwards as specified in the prompt.
/root/outputs_local/Realistic_Vision_V6.0_B1_noVAE/Color/0163-es.png,Una cebra con rayas verdes y amarillas.,models/gemini-2.5-flash,1,5,4,1,1,"The image shows a zebra-like creature with green and blue/light green stripes, not green and yellow as prompted."
/root/outputs_local/dreamlike-photoreal-2.0/Action/0193-es.png,Una copa de vino haciéndose añicos.,models/gemini-2.5-flash,1,3,4,5,1,"The image shows an intact wine bottle, not a shattering wine glass as described in the prompt."
/root/outputs_local/dreamlike-photoreal-2.0/Impossible/0113-es.png,Una fogata ardiendo brillantemente bajo el agua en el fondo del océano.,models/gemini-2.5-flash,5,1,5,1,5,"Image perfectly captures fire burning underwater, though it's more a contained flame than a traditional bonfire."
/root/outputs_local/dreamshaper-8/Geometry/0148-es.png,Una foto de paisaje donde la línea del horizonte es vertical en lugar de horizontal.,models/gemini-2.5-flash,4,1,5,1,4,"The image features a strong vertical composition with cliffs and a deep valley, creatively addressing the 'vertical horizon' concept."
/root/outputs_local/dreamshaper-8/Spatial/0078-es.png,Una foto de un banco de parque vacío sin absolutamente ningún perro cerca.,models/gemini-2.5-flash,5,1,4,1,5,"The image perfectly matches the prompt, showing an empty park bench with no dogs."
/root/outputs_local/Realistic_Vision_V6.0_B1_noVAE/Counting/0013-es.png,Una foto de un gato mutante de pie sobre 5 patas.,models/gemini-2.5-flash,2,3,4,4,2,"Cat is mutant-like but lying down, not standing, and does not clearly have 5 legs."
/root/outputs_local/stable-diffusion-v1-5/Counting/0003-es.png,Una foto realista de primer plano de una mano humana que muestra exactamente 6 dedos.,models/gemini-2.5-flash,1,5,4,1,1,"The image does not show 6 fingers; it appears to be a standard hand, failing the core prompt requirement."
/root/outputs_local/dreamlike-photoreal-2.0/Geometry/0128-es.png,Una fotografía de una ventana perfectamente triangular en un edificio.,models/gemini-2.5-flash,5,3,4,5,5,Image perfectly depicts a triangular window in a building.
/root/outputs_local/dreamshaper-8/Counting/0008-es.png,"Una mano humana saludando, pero tiene solo 4 dedos.",models/gemini-2.5-flash,2,5,5,5,2,"Both hands in the image clearly have 5 fingers, not 4 as specified in the prompt."
/root/outputs_local/dreamshaper-8/Spatial/0083-es.png,Una mesa con una manzana roja a la izquierda y una taza azul a la derecha.,models/gemini-2.5-flash,5,1,5,1,5,The image perfectly matches the prompt's description of objects and their relative positions.
/root/outputs_local/dreamshaper-8/Counting/0018-es.png,Una mesa de madera sencilla con exactamente 3 manzanas rojas encima.,models/gemini-2.5-flash,1,3,5,5,1,"The image shows only one apple, not exactly 3 red apples as specified in the prompt."
/root/outputs_local/Realistic_Vision_V6.0_B1_noVAE/Text/0073-es.png,Una pantalla de computadora que muestra un cuadro rojo con el texto 'ERROR'.,models/gemini-2.5-flash,2,1,3,1,2,"The computer screen shows a red box, but the text is garbled and does not clearly say 'ERROR'."
/root/outputs_local/Realistic_Vision_V6.0_B1_noVAE/Action/0188-es.png,"Una pelota de baloncesto aplastada en el suelo, sin rebotar.",models/gemini-2.5-flash,1,3,4,1,1,"The image shows a basketball in the air with a player, completely contradicting the prompt for a crushed ball on the ground."
/root/outputs_local/stable-diffusion-v1-5/Action/0178-es.png,Una persona corriendo hacia atrás en una pista.,models/gemini-2.5-flash,1,3,2,1,1,"Person is running forward on grass, not backward on a track. Image is blurry."
/root/outputs_local/dreamlike-photoreal-2.0/Anatomy/0038-es.png,"Una pintura surrealista de un traje de negocios de pie, pero sin cabeza ni rostro visible.",models/gemini-2.5-flash,2,1,4,4,2,"The image includes a visible face/head, which directly contradicts the prompt's requirement of 'sin cabeza ni rostro visible'."
/root/outputs_local/dreamshaper-8/Texture/0168-es.png,Una roca cubierta de pelaje suave.,models/gemini-2.5-flash,1,1,4,5,1,"The image shows a rock, but it completely lacks any soft fur as described in the prompt."
/root/outputs_local/stable-diffusion-v1-5/Counting/0023-es.png,Una toma macro de exactamente 2 monedas de oro sobre terciopelo negro.,models/gemini-2.5-flash,2,1,4,4,2,"Coins are silver, not gold, and background is dark grey, not black velvet. Text on coins is gibberish."
/root/outputs_local/stable-diffusion-v1-5/Action/0198-es.png,Una vela con una mecha negra y sin llama.,models/gemini-2.5-flash,1,3,4,1,1,"The image displays a robot-like figure, not a candle as requested by the prompt."
/root/outputs_local/dreamshaper-8/Action/0181-en.png,Water pouring out of a bottle but freezing in mid-air instantly.,models/gemini-2.5-flash,2,1,5,1,2,"Water is not clearly pouring out of the bottle; it looks more like splashes around/onto it, with frozen elements."
/root/outputs_local/stable-diffusion-v1-5/Anatomy/0044-ar.png,حصان أبيض له أجنحة نسر كبيرة على ظهره.,models/gemini-2.5-flash,1,1,1,1,1,"The image is completely black and shows no content whatsoever, thus failing to match the prompt."
/root/outputs_local/stable-diffusion-v1-5/Color/0164-ar.png,حمار وحشي بخطوط خضراء وصفراء.,models/gemini-2.5-flash,1,3,4,1,1,"The image shows a bowl of green food, completely unrelated to the prompt asking for a zebra with green and yellow stripes."
/root/outputs_local/dreamshaper-8/Geometry/0139-ar.png,رجل ينظر في المرآة، لكن الانعكاس يظهر مؤخرة رأسه.,models/gemini-2.5-flash,1,3,5,1,1,"The image shows a woman, not a man, and completely misses the core concept of a mirror and a surreal reflection."
/root/outputs_local/Realistic_Vision_V6.0_B1_noVAE/Anatomy/0034-ar.png,رسم لإله هندوسي بـ 3 أذرع.,models/gemini-2.5-flash,1,3,5,5,1,"The image is a portrait of a woman, not a Hindu god with 3 arms as requested by the prompt."
/root/outputs_local/dreamlike-photoreal-2.0/Geometry/0134-ar.png,سلالم على طراز إيشر تصعد في حلقة لا نهائية.,models/gemini-2.5-flash,1,3,4,1,1,"The image displays food items and packaging, which is entirely unrelated to the prompt about Escher-style infinite stairs."
/root/outputs_local/stable-diffusion-v1-5/Impossible/0124-ar.png,سماء ليلية بها قمر مربع الشكل.,models/gemini-2.5-flash,1,3,2,1,1,"The image is completely unrelated to the prompt, showing a crowd of people instead of a night sky with a square moon."
/root/outputs_local/dreamlike-photoreal-2.0/Impossible/0104-ar.png,سمكة ذهبية تسبح داخل مصباح كهربائي مملوء بالهواء وليس الماء.,models/gemini-2.5-flash,1,1,4,5,1,"Image shows an ornate room, completely unrelated to a goldfish in a light bulb."
/root/outputs_local/dreamlike-photoreal-2.0/Impossible/0109-ar.png,سيارة حمراء تسير على سحب بيضاء رقيقة في السماء.,models/gemini-2.5-flash,1,1,4,5,1,"The image shows abstract biological or microscopic patterns, completely unrelated to a car on clouds."
/root/outputs_local/dreamshaper-8/Texture/0174-ar.png,سيارة مصنوعة بالكامل من الزجاج الشفاف.,models/gemini-2.5-flash,1,3,4,1,1,"The image shows a woman and food, completely unrelated to the prompt requesting a transparent glass car."
/root/outputs_local/Realistic_Vision_V6.0_B1_noVAE/Impossible/0119-ar.png,شارع في المدينة حيث يتساقط المطر صعوداً نحو السماء.,models/gemini-2.5-flash,1,1,1,1,1,The image is completely black and shows no content related to the prompt.
/root/outputs_local/Realistic_Vision_V6.0_B1_noVAE/Text/0074-ar.png,شاشة كمبيوتر تعرض مربعاً أحمر مع نص 'ERROR'.,models/gemini-2.5-flash,1,3,4,1,1,The computer screen is not visible and does not show a red square with 'ERROR' text as requested.
/root/outputs_local/stable-diffusion-v1-5/Action/0179-ar.png,شخص يركض للخلف على مضمار.,models/gemini-2.5-flash,1,3,4,5,1,"The image displays Arabic calligraphy and patterns, bearing no resemblance to a person running backward on a track."
/root/outputs_local/dreamlike-photoreal-2.0/Action/0199-ar.png,شمعة بفتيل أسود وبدون لهب.,models/gemini-2.5-flash,1,3,4,1,1,"The image shows an aerial view of a city/landscape, not a candle as requested by the prompt."
/root/outputs_local/dreamlike-photoreal-2.0/Texture/0169-ar.png,صخرة مغطاة بالفراء الناعم.,models/gemini-2.5-flash,1,3,4,1,1,"The image is completely unrelated to the prompt, which asks for a fur-covered rock. It shows a woman instead."
/root/outputs_local/dreamlike-photoreal-2.0/Anatomy/0049-ar.png,صورة لامرأة جميلة ذات بشرة خضراء زاهية.,models/gemini-2.5-flash,1,1,4,5,1,"The image shows an empty courtyard, completely failing to depict a woman with green skin as requested by the prompt."
/root/outputs_local/stable-diffusion-v1-5/Spatial/0099-ar.png,صورة لرجل عجوز يرتدي قبعة ولكن بدون نظارة.,models/gemini-2.5-flash,1,1,4,5,1,"The image shows a person in a white garment walking towards a building, not an old man with a hat."
/root/outputs_local/dreamlike-photoreal-2.0/Counting/0014-ar.png,صورة لقطة متحولة تقف على 5 أرجل.,models/gemini-2.5-flash,1,3,5,5,1,"The image shows a luxurious living room, not a mutant cat as requested by the prompt."
/root/outputs_local/dreamshaper-8/Spatial/0079-ar.png,صورة لمقعد حديقة فارغ ولا يوجد أي كلاب قريبة إطلاقاً.,models/gemini-2.5-flash,1,3,4,1,1,"The image shows a man on an ornate chair, not an empty park bench as requested by the prompt."
/root/outputs_local/stable-diffusion-v1-5/Geometry/0129-ar.png,صورة لنافذة مثلثة تماماً على مبنى.,models/gemini-2.5-flash,1,3,2,1,1,"Image shows people on the ground, not a triangular window on a building. Complete mismatch with the prompt."
/root/outputs_local/dreamlike-photoreal-2.0/Counting/0004-ar.png,صورة مقربة واقعية ليد بشرية تظهر 6 أصابع بالضبط.,models/gemini-2.5-flash,1,3,5,1,1,"The image shows a still life of food, completely unrelated to the prompt's request for a human hand with 6 fingers."
/root/outputs_local/dreamshaper-8/Geometry/0149-ar.png,صورة منظر طبيعي حيث خط الأفق عمودي بدلاً من أفقي.,models/gemini-2.5-flash,1,3,4,1,1,"The image is a portrait of a man, not a landscape with a vertical horizon as requested by the prompt."
/root/outputs_local/dreamshaper-8/Counting/0019-ar.png,طاولة خشبية بسيطة عليها 3 تفاحات حمراء بالضبط.,models/gemini-2.5-flash,1,3,4,1,1,"Image shows three people, not a simple wooden table with exactly 3 red apples as requested by the prompt."
/root/outputs_local/stable-diffusion-v1-5/Spatial/0084-ar.png,طاولة عليها تفاحة حمراء على اليسار وكوب أزرق على اليمين.,models/gemini-2.5-flash,1,3,3,5,1,"The image shows people in an alleyway, completely unrelated to the prompt of a table with an apple and a cup."
/root/outputs_local/dreamshaper-8/Spatial/0094-ar.png,طبق عشاء أبيض نظيف لا يوجد عليه طعام.,models/gemini-2.5-flash,1,3,4,1,1,"The image shows two women, not a clean white dinner plate as requested by the prompt. Complete mismatch."
/root/outputs_local/dreamshaper-8/Anatomy/0029-ar.png,عنكبوت واقعي يفتقد ساقاً، لذا لديه 7 أرجل فقط.,models/gemini-2.5-flash,1,3,5,1,1,"The image shows a couple, not a spider as requested by the prompt. Complete mismatch."
/root/outputs_local/stable-diffusion-v1-5/Spatial/0089-ar.png,قطة تجلس بجوار صندوق من الورق المقوى، وليست بداخله.,models/gemini-2.5-flash,1,3,4,5,1,"The image shows a building and people, not a cat and a cardboard box as requested by the prompt."
/root/outputs_local/dreamshaper-8/Text/0064-ar.png,قطعة من الورق كتب عليها كلمة 'Education' بخط متصل.,models/gemini-2.5-flash,1,5,5,1,1,The image does not contain the word 'Education' on any paper. It shows a person reading a book.
/root/outputs_local/dreamlike-photoreal-2.0/Action/0194-ar.png,كأس نبيذ يتحطم إلى قطع.,models/gemini-2.5-flash,1,3,5,1,1,"The image shows a pair of shoes, not a wine glass shattering into pieces as described in the prompt."
/root/outputs_local/stable-diffusion-v1-5/Action/0189-ar.png,كرة سلة مسطحة على الأرض، لا ترتد.,models/gemini-2.5-flash,1,3,4,1,1,"The image shows a circular object with Arabic script on gravel, not a basketball."
/root/outputs_local/dreamshaper-8/Text/0059-ar.png,لاعب كرة قدم يرتدي قميصاً عليه الرقم 7.,models/gemini-2.5-flash,2,3,5,1,2,The jersey does not display the number 7 as specified in the prompt.
/root/outputs_local/dreamlike-photoreal-2.0/Text/0054-ar.png,لافتة نيون على جدار من الطوب تقول 'HELLO'.,models/gemini-2.5-flash,1,3,5,1,1,"Image shows a woman, not a neon sign on a brick wall saying 'HELLO' as requested by the prompt."
/root/outputs_local/dreamlike-photoreal-2.0/Counting/0024-ar.png,لقطة ماكرو لعملتين ذهبيتين بالضبط ملقاة على مخمل أسود.,models/gemini-2.5-flash,1,1,5,1,1,"The image shows many seeds/grains on a textured surface, not two golden coins on black velvet."
/root/outputs_local/dreamshaper-8/Text/0069-ar.png,لقطة مقربة لشارة ذهبية مكتوب عليها 'POLICE'.,models/gemini-2.5-flash,1,3,4,1,1,The image does not show a close-up of a golden badge with 'POLICE' written on it; it shows a police officer and car.
/root/outputs_local/stable-diffusion-v1-5/Color/0159-ar.png,لقطة مقربة لفراولة زرقاء.,models/gemini-2.5-flash,1,1,4,5,1,"The image shows a bowl of sauce and a folded food item, not a blue strawberry as requested by the prompt."
/root/outputs_local/dreamshaper-8/Anatomy/0039-ar.png,لوحة سريالية لبدلة عمل تقف، ولكن دون رأس أو وجه مرئي.,models/gemini-2.5-flash,1,3,4,5,1,"Image shows a living room, completely unrelated to the prompt's request for a surreal headless business suit."
/root/outputs_local/stable-diffusion-v1-5/Action/0184-ar.png,ماء ينسكب من زجاجة لكنه يتجمد في الهواء فوراً.,models/gemini-2.5-flash,1,1,1,1,1,"Image is completely black, showing no content related to the prompt."
/root/outputs_local/dreamlike-photoreal-2.0/Geometry/0144-ar.png,مكعب يطفو في الهواء يلقي ظلاً عبارة عن دائرة.,models/gemini-2.5-flash,1,3,4,1,1,"The image shows a woman in a room, completely unrelated to the prompt's description of a floating cube and its shadow."
/root/outputs_local/dreamshaper-8/Color/0154-ar.png,منظر طبيعي بعشب أزرق لامع وسماء حمراء.,models/gemini-2.5-flash,1,3,4,5,1,"The image shows a man in a kitchen, completely unrelated to the requested landscape with blue grass and red sky."
/root/outputs_local/dreamlike-photoreal-2.0/Impossible/0114-ar.png,نار مخيم تشتعل بشكل مشرق تحت الماء في قاع المحيط.,models/gemini-2.5-flash,1,1,4,5,1,"Image shows an outdoor patio with a bed and palm trees, completely unrelated to the prompt about an underwater campfire."
/root/outputs_local/stable-diffusion-v1-5/Counting/0009-ar.png,يد بشرية تلوح، لكن لها 4 أصابع فقط.,models/gemini-2.5-flash,1,3,4,1,1,"Image shows hands holding food, not waving. Fingers are distorted and not clearly 4 as requested."
/root/outputs_local/stable-diffusion-v1-5/Impossible/0107-hi.png,आसमान में सफेद बादलों पर चलती हुई एक लाल कार।,models/gemini-2.5-flash,1,3,3,1,1,"The image shows people and piles of material on the ground, completely unrelated to a red car on clouds in the sky."
/root/outputs_local/stable-diffusion-v1-5/Geometry/0127-hi.png,इमारत पर एक पूरी तरह से त्रिकोणीय खिड़की की तस्वीर।,models/gemini-2.5-flash,1,3,2,1,1,"The image shows a crowd of people, not a triangular window on a building. Faces are distorted."
/root/outputs_local/stable-diffusion-v1-5/Text/0052-hi.png,ईंट की दीवार पर एक नियॉन साइन जिस पर 'HELLO' लिखा है।,models/gemini-2.5-flash,1,3,2,1,1,"The image is a collage of people, completely unrelated to the prompt about a neon sign on a brick wall."
/root/outputs_local/dreamlike-photoreal-2.0/Geometry/0137-hi.png,"एक आदमी आईने में देख रहा है, लेकिन प्रतिबिंब उसके सिर के पिछले हिस्से को दिखाता है।",models/gemini-2.5-flash,1,3,4,1,1,"Image shows a tiered structure with flags, completely unrelated to a man looking in a mirror."
/root/outputs_local/dreamlike-photoreal-2.0/Counting/0002-hi.png,एक इंसानी हाथ की यथार्थवादी क्लोज़-अप फोटो जिसमें ठीक 6 उंगलियां दिखाई दे रही हों।,models/gemini-2.5-flash,1,3,4,1,1,"The image does not show a human hand, close-up, or 6 fingers. It shows two women."
/root/outputs_local/stable-diffusion-v1-5/Counting/0007-hi.png,"एक इंसानी हाथ लहरा रहा है, लेकिन उसमें केवल 4 उंगलियां हैं।",models/gemini-2.5-flash,1,3,4,1,1,"The image does not show a waving hand, nor a hand with only 4 fingers. Complete mismatch with the prompt."
/root/outputs_local/stable-diffusion-v1-5/Text/0072-hi.png,एक कंप्यूटर स्क्रीन जिस पर एक लाल बॉक्स दिखाई दे रहा है जिसमें 'ERROR' लिखा है।,models/gemini-2.5-flash,1,3,2,1,1,"The image shows a group of people, not a computer screen with an 'ERROR' message as requested by the prompt."
/root/outputs_local/dreamshaper-8/Spatial/0077-hi.png,एक खाली पार्क बेंच की तस्वीर जिसके आसपास बिल्कुल कोई कुत्ता नहीं है।,models/gemini-2.5-flash,1,3,4,1,1,"The image shows people sitting on the floor, not an empty park bench as requested by the prompt."
/root/outputs_local/dreamshaper-8/Spatial/0087-hi.png,"एक गत्ते के डिब्बे के बगल में बैठी बिल्ली, उसके अंदर नहीं।",models/gemini-2.5-flash,1,3,4,5,1,The image does not contain a cat or a cardboard box. It shows a street scene with a person instead.
/root/outputs_local/stable-diffusion-v1-5/Color/0157-hi.png,एक नीले स्ट्रॉबेरी का क्लोज़-अप।,models/gemini-2.5-flash,1,3,2,1,1,"The image shows a group of people, not a close-up of a blue strawberry as requested by the prompt."
/root/outputs_local/stable-diffusion-v1-5/Geometry/0147-hi.png,एक परिदृश्य तस्वीर जहां क्षितिज रेखा क्षैतिज के बजाय ऊर्ध्वाधर (खड़ी) है।,models/gemini-2.5-flash,1,3,4,5,1,"The image shows a deity, not a landscape with a vertical horizon as requested by the prompt."
/root/outputs_local/dreamlike-photoreal-2.0/Anatomy/0037-hi.png,"एक बिज़नेस सूट की असली पेंटिंग जो खड़ी है, लेकिन कोई सिर या चेहरा दिखाई नहीं दे रहा है।",models/gemini-2.5-flash,1,3,4,1,1,"The image shows fabric strips and a book-like object, not a business suit or a painting as requested."
/root/outputs_local/dreamlike-photoreal-2.0/Spatial/0082-hi.png,एक मेज जिसके बाईं ओर एक लाल सेब है और दाईं ओर एक नीला कप है।,models/gemini-2.5-flash,1,3,4,1,1,"The image shows a large bovine animal, completely unrelated to the prompt asking for a table with an apple and a cup."
/root/outputs_local/dreamshaper-8/Anatomy/0027-hi.png,"एक यथार्थवादी मकड़ी जिसका एक पैर गायब है, इसलिए उसके केवल 7 पैर हैं।",models/gemini-2.5-flash,1,3,5,1,1,"The image shows a man, not a spider as requested by the prompt. Complete subject mismatch."
/root/outputs_local/dreamlike-photoreal-2.0/Impossible/0122-hi.png,एक रात का आकाश जिसमें एक चंद्रमा है जो चौकोर आकार का है।,models/gemini-2.5-flash,1,3,4,1,1,"The image shows motorcycles in daylight, completely unrelated to the prompt describing a night sky with a square moon."
/root/outputs_local/stable-diffusion-v1-5/Impossible/0117-hi.png,एक शहर की सड़क जहां बारिश आसमान की ओर ऊपर जा रही है।,models/gemini-2.5-flash,1,3,4,1,1,"The image shows two men, not a city street or rain. Complete mismatch with the prompt's description."
/root/outputs_local/dreamlike-photoreal-2.0/Anatomy/0042-hi.png,एक सफेद घोड़ा जिसकी पीठ पर बड़े ईगल के पंख हैं।,models/gemini-2.5-flash,1,3,4,1,1,"Image shows an elaborate food dish, completely unrelated to the prompt of a white horse with eagle wings."
/root/outputs_local/Realistic_Vision_V6.0_B1_noVAE/Counting/0017-hi.png,एक साधारण लकड़ी की मेज जिस पर ठीक 3 लाल सेब रखे हैं।,models/gemini-2.5-flash,1,3,4,1,1,"The image shows a woman, not a simple wooden table with 3 red apples. Complete mismatch with the prompt."
/root/outputs_local/dreamshaper-8/Spatial/0092-hi.png,एक साफ सफेद खाने की प्लेट जिस पर कोई खाना नहीं है।,models/gemini-2.5-flash,1,3,4,5,1,"The image shows a woman, not a clean white plate as requested by the prompt. Complete mismatch."
/root/outputs_local/Realistic_Vision_V6.0_B1_noVAE/Impossible/0102-hi.png,एक सुनहरी मछली जो हवा से भरे (पानी से नहीं) लाइटबल्ब के अंदर तैर रही है।,models/gemini-2.5-flash,1,3,3,1,1,"The image shows a woman holding a plush toy, completely unrelated to the prompt's description of a goldfish in a lightbulb."
/root/outputs_local/dreamlike-photoreal-2.0/Text/0057-hi.png,एक सॉकर खिलाड़ी जिसने जर्सी पहनी है जिस पर नंबर 7 लिखा है।,models/gemini-2.5-flash,1,3,4,1,1,"Image shows an ancient stone structure, completely unrelated to the prompt of a soccer player."
/root/outputs_local/dreamshaper-8/Text/0067-hi.png,एक सोने के बैज का क्लोज़-अप जिस पर 'POLICE' लिखा है।,models/gemini-2.5-flash,1,3,3,1,1,"The image is a full scene, not a close-up of a badge. No gold badge or readable 'POLICE' text is present."
/root/outputs_local/dreamlike-photoreal-2.0/Geometry/0132-hi.png,एस्चर-शैली की सीढ़ियाँ जो एक अनंत लूप में ऊपर जाती हैं।,models/gemini-2.5-flash,1,3,5,1,1,"The image shows a woman in a saree, completely unrelated to the prompt about Escher-style stairs in an infinite loop."
/root/outputs_local/dreamshaper-8/Text/0062-hi.png,कागज का एक टुकड़ा जिस पर कर्सिव में 'Education' शब्द लिखा है।,models/gemini-2.5-flash,1,3,4,5,1,"Image shows a girl studying, not a piece of paper with 'Education' in cursive. Core prompt elements are missing."
/root/outputs_local/dreamshaper-8/Action/0197-hi.png,काली बाती वाली एक मोमबत्ती और कोई लौ नहीं।,models/gemini-2.5-flash,1,3,4,5,1,"The image shows a person in a meditative pose, not a candle with a black wick and no flame as requested."
/root/outputs_local/dreamshaper-8/Counting/0022-hi.png,काले मखमल पर पड़े ठीक 2 सोने के सिक्कों का मैक्रो शॉट।,models/gemini-2.5-flash,1,3,4,1,1,"Image shows two people outdoors, completely unrelated to the prompt asking for a macro shot of gold coins on black velvet."
/root/outputs_local/dreamlike-photoreal-2.0/Color/0152-hi.png,चमकदार नीली घास और लाल आसमान वाला एक परिदृश्य।,models/gemini-2.5-flash,1,3,4,1,1,"The image depicts a deity, not a landscape with blue grass and a red sky as requested by the prompt."
/root/outputs_local/dreamlike-photoreal-2.0/Anatomy/0047-hi.png,चमकदार हरी त्वचा वाली एक खूबसूरत महिला का चित्र।,models/gemini-2.5-flash,1,1,4,5,1,"Image shows a floral pattern, not a woman with green skin as requested by the prompt."
/root/outputs_local/stable-diffusion-v1-5/Action/0187-hi.png,"ज़मीन पर चपटी हुई बास्केटबॉल, उछल नहीं रही है।",models/gemini-2.5-flash,1,3,3,1,1,"The image shows a group of people, not a flattened basketball. Complete mismatch with the prompt."
/root/outputs_local/stable-diffusion-v1-5/Action/0192-hi.png,टुकड़ों में बिखरता हुआ एक वाइन ग्लास।,models/gemini-2.5-flash,1,3,2,1,1,"The image shows a crowd of people, completely unrelated to the prompt of a shattering wine glass."
/root/outputs_local/stable-diffusion-v1-5/Spatial/0097-hi.png,"टोपी पहने हुए एक बूढ़े आदमी का चित्र, लेकिन चश्मा नहीं।",models/gemini-2.5-flash,1,3,4,1,1,"The image shows a village landscape, not an old man with a hat as requested. The subject is entirely missing."
/root/outputs_local/Realistic_Vision_V6.0_B1_noVAE/Action/0177-hi.png,ट्रैक पर पीछे की ओर दौड़ता हुआ एक व्यक्ति।,models/gemini-2.5-flash,1,3,4,5,1,"The image shows a woman in a saree, not a person running backward on a track. Complete mismatch with prompt."
/root/outputs_local/dreamlike-photoreal-2.0/Texture/0172-hi.png,पूरी तरह से पारदर्शी कांच से बनी एक कार।,models/gemini-2.5-flash,1,3,4,1,1,"Image shows a stone palace/fortress, not a transparent glass car as requested by the prompt."
/root/outputs_local/dreamshaper-8/Action/0182-hi.png,बोतल से पानी गिर रहा है लेकिन हवा में ही तुरंत जम रहा है।,models/gemini-2.5-flash,1,3,4,4,1,"The image shows a woman, not water falling from a bottle and freezing as described in the prompt."
/root/outputs_local/dreamshaper-8/Texture/0167-hi.png,मुलायम फर से ढकी एक चट्टान।,models/gemini-2.5-flash,1,3,4,1,1,"The image shows a person, not a rock covered in soft fur as requested by the prompt. Complete semantic mismatch."
/root/outputs_local/stable-diffusion-v1-5/Impossible/0112-hi.png,समुद्र के तल पर पानी के भीतर एक कैम्प फायर (अलाव) जल रहा है।,models/gemini-2.5-flash,1,3,4,1,1,"The image shows a stone structure on land, completely unrelated to an underwater campfire on the seabed."
/root/outputs_local/stable-diffusion-v1-5/Color/0162-hi.png,हरी और पीली धारियों वाला एक ज़ेबरा।,models/gemini-2.5-flash,1,3,3,1,1,"The image shows a crowd of people, not a zebra with green and yellow stripes as requested by the prompt."
/root/outputs_local/dreamshaper-8/Geometry/0142-hi.png,हवा में तैरता हुआ एक घन जिसकी परछाई एक वृत्त (गोला) है।,models/gemini-2.5-flash,1,3,4,1,1,"The image shows a person, not a floating cube with a circular shadow as described in the prompt."
/root/outputs_local/Realistic_Vision_V6.0_B1_noVAE/Geometry/0130-as.png,অট্টালিকা এটাত এখন সম্পূৰ্ণ ত্ৰিভুজাকাৰ খিৰিকীৰ ফটো।,models/gemini-2.5-flash,1,3,4,5,1,"The image shows a woman holding a phone, not a triangular window in a building as requested by the prompt."
/root/outputs_local/dreamshaper-8/Impossible/0110-as.png,আকাশত বগা ডাৱৰৰ ওপৰেৰে চলি থকা এখন ৰঙা গাড়ী।,models/gemini-2.5-flash,1,3,5,5,1,"The image shows a man indoors, completely unrelated to the prompt describing a red car over white clouds in the sky."
/root/outputs_local/stable-diffusion-v1-5/Text/0055-as.png,ইটাৰ দেৱালত এটা নিয়ন চাইন য'ত 'HELLO' বুলি লিখা আছে।,models/gemini-2.5-flash,1,3,3,5,1,"Image shows a rural scene with trees and people, completely unrelated to a brick wall with a 'HELLO' neon sign."
/root/outputs_local/dreamshaper-8/Color/0155-as.png,উজ্জ্বল নীলা ঘাঁহ আৰু ৰঙা আকাশ থকা এক দৃশ্য।,models/gemini-2.5-flash,1,3,4,1,1,"The image shows a woman, not bright blue grass or a red sky as described in the prompt."
/root/outputs_local/dreamlike-photoreal-2.0/Anatomy/0050-as.png,উজ্জ্বল সেউজীয়া ছালৰ এগৰাকী সুন্দৰী মহিলাৰ প্ৰতিকৃতি।,models/gemini-2.5-flash,1,3,4,1,1,"The image shows a building and plants, not a portrait of a woman with green skin as requested by the prompt."
/root/outputs_local/dreamlike-photoreal-2.0/Text/0075-as.png,এখন কম্পিউটাৰ স্ক্ৰীণ য'ত 'ERROR' লিখা এটা ৰঙা বাকচ দেখা গৈছে।,models/gemini-2.5-flash,1,3,4,1,1,"The image shows a garden and building, not a computer screen with an 'ERROR' message as requested by the prompt."
/root/outputs_local/dreamshaper-8/Text/0065-as.png,এখন কাগজৰ টুকুৰা য'ত 'Education' শব্দটো পেঁচাই লিখা আছে।,models/gemini-2.5-flash,1,3,5,5,1,"The image does not contain a piece of paper with the word 'Education' written in cursive, as requested by the prompt."
/root/outputs_local/dreamlike-photoreal-2.0/Spatial/0080-as.png,এখন খালী উদ্যানৰ বেঞ্চৰ ফটো যাৰ আশে-পাশে কোনো কুকুৰ নাই।,models/gemini-2.5-flash,5,1,4,1,5,"The image accurately depicts an empty park bench with no dogs, matching all prompt requirements."
/root/outputs_local/dreamshaper-8/Impossible/0120-as.png,এখন চহৰৰ ৰাস্তা য'ত বৰষুণজাক আকাশৰ ফালে ওপৰলৈ গৈ আছে।,models/gemini-2.5-flash,1,3,4,1,1,"The image shows an indoor scene with a person, not a city street with upward rain as requested by the prompt."
/root/outputs_local/dreamlike-photoreal-2.0/Spatial/0085-as.png,এখন টেবুল যাৰ বাওঁফালে এটা ৰঙা আপেল আৰু সোঁফালে এটা নীলা কাপ আছে।,models/gemini-2.5-flash,1,3,4,5,1,"Image shows a building and fence, completely unrelated to the prompt's request for a table with an apple and a cup."
/root/outputs_local/dreamshaper-8/Impossible/0125-as.png,এখন নিশাৰ আকাশ য'ত জোনটো বৰ্গাকৃতিৰ।,models/gemini-2.5-flash,1,3,4,1,1,"Image shows a man indoors, not a night sky with a square moon as requested by the prompt."
/root/outputs_local/dreamshaper-8/Geometry/0150-as.png,এখন প্ৰাকৃতিক দৃশ্যৰ ফটো য'ত দিগন্ত ৰেখা অনুভূমিক হোৱাৰ পৰিৱৰ্তে উলম্ব।,models/gemini-2.5-flash,1,1,4,5,1,"The prompt asked for a natural landscape with a vertical horizon, but the image shows a person."
/root/outputs_local/dreamshaper-8/Spatial/0095-as.png,এখন পৰিষ্কাৰ বগা খোৱা প্লেট যাৰ ওপৰত কোনো খাদ্য নাই।,models/gemini-2.5-flash,1,3,5,5,1,"The image shows two people, not a clean white eating plate as requested by the prompt. Complete mismatch."
/root/outputs_local/Realistic_Vision_V6.0_B1_noVAE/Counting/0010-as.png,"এখন মানুহৰ হাতে লৰাই আছে, কিন্তু তাত মাত্ৰ ৪টা আঙুলিহে আছে।",models/gemini-2.5-flash,1,1,3,1,1,"Prompt claims 4 fingers, but image clearly shows 5 fingers on both hands. Hands are also slightly distorted."
/root/outputs_local/stable-diffusion-v1-5/Counting/0005-as.png,এখন মানুহৰ হাতৰ বাস্তৱধৰ্মী ফটো য'ত ঠিক ৬টা আঙুলি দেখা গৈছে।,models/gemini-2.5-flash,1,3,2,4,1,"Fails to show 6 fingers. Image shows a crowd, not just a hand, and is not realistic. Hands are distorted."
/root/outputs_local/Realistic_Vision_V6.0_B1_noVAE/Counting/0015-as.png,এখন মিউটেণ্ট মেকুৰীৰ ফটো যিটো ৫খন ভৰিত থিয় হৈ আছে।,models/gemini-2.5-flash,1,3,4,1,1,"The image shows two human females, not a mutant cat as requested by the prompt."
/root/outputs_local/dreamshaper-8/Counting/0020-as.png,এখন সাধাৰণ কাঠৰ টেবুল যাৰ ওপৰত ঠিক ৩টা ৰঙা আপেল আছে।,models/gemini-2.5-flash,1,3,5,1,1,"The image shows a man, not a wooden table with 3 red apples as requested by the prompt."
/root/outputs_local/stable-diffusion-v1-5/Text/0060-as.png,এজন ফুটবলাৰ যিয়ে ৭ নম্বৰ লিখা জাৰ্চি পিন্ধি আছে।,models/gemini-2.5-flash,1,3,2,1,1,"Image shows a crowd of people, not a footballer. No jersey with number 7 is visible. Faces are distorted."
/root/outputs_local/dreamshaper-8/Geometry/0140-as.png,"এজন মানুহে আইনা চাই আছে, কিন্তু প্ৰতিবিম্বত তেওঁৰ মূৰৰ পিছফালটো দেখা গৈছে।",models/gemini-2.5-flash,1,3,4,5,1,"The image does not depict a mirror, reflection, or the specific scenario described. The gender is also incorrect."
/root/outputs_local/dreamshaper-8/Anatomy/0030-as.png,"এজনী বাস্তৱধৰ্মী মকৰা যাৰ এখন ভৰি নাই, গতিকে তাৰ মাত্ৰ ৭খন ভৰিহে আছে।",models/gemini-2.5-flash,1,3,4,5,1,"The image shows two humans, not a spider with 7 legs as requested by the prompt. Complete mismatch."
/root/outputs_local/stable-diffusion-v1-5/Impossible/0105-as.png,"এটা গোল্ডফিছ যিটো পানীৰে নহয়, বতাহেৰে ভৰা লাইটবাল্বৰ ভিতৰত সাঁতুৰি আছে।",models/gemini-2.5-flash,1,3,2,1,1,"The image shows a group of people, completely unrelated to the prompt about a goldfish in an air-filled lightbulb."
/root/outputs_local/Realistic_Vision_V6.0_B1_noVAE/Color/0160-as.png,এটা নীলা ষ্ট্ৰবেৰীৰ ক্ল'জ আপ।,models/gemini-2.5-flash,1,3,4,5,1,"The image shows a woman holding a child, not a close-up of a blue strawberry as requested by the prompt."
/root/outputs_local/dreamlike-photoreal-2.0/Anatomy/0045-as.png,এটা বগা ঘোঁৰা যাৰ পিঠিত ঈগলৰ ডাঙৰ পাহি আছে।,models/gemini-2.5-flash,1,3,5,1,1,"Image shows pink flowers, not a white horse with eagle wings as described in the prompt."
/root/outputs_local/stable-diffusion-v1-5/Spatial/0090-as.png,"এটা মেকুৰী কাৰ্ডবৰ্ডৰ বাকচৰ কাষত বহি আছে, তাৰ ভিতৰত নহয়।",models/gemini-2.5-flash,1,1,2,5,1,"Image shows a crowd of people, not a cat next to a cardboard box as requested. Faces are distorted."
/root/outputs_local/Realistic_Vision_V6.0_B1_noVAE/Text/0070-as.png,এটা সোণৰ বেজৰ ক্ল'জ আপ য'ত 'POLICE' বুলি লিখা আছে।,models/gemini-2.5-flash,1,3,3,1,1,"The image shows a person in a police uniform, not a close-up of a gold badge with 'POLICE' written on it."
/root/outputs_local/stable-diffusion-v1-5/Geometry/0135-as.png,এস্কাৰ-শৈলীৰ চিৰি যিবোৰ এটা অনন্ত লুপত ওপৰলৈ গৈ থাকে।,models/gemini-2.5-flash,1,3,3,1,1,"The image shows umbrellas/canopies in a park, not escalator-style stairs in an infinite loop as requested."
/root/outputs_local/dreamshaper-8/Counting/0025-as.png,কলা ভেলভেটৰ ওপৰত থকা ঠিক ২টা সোণৰ মুদ্ৰাৰ মেক্ৰ’ শ্বট।,models/gemini-2.5-flash,1,3,4,1,1,"The image is a portrait of a person, not a macro shot of gold coins on black velvet as requested."
/root/outputs_local/dreamlike-photoreal-2.0/Action/0200-as.png,কলা শলিতা থকা এডাল মমবাতি আৰু কোনো জুই নাই।,models/gemini-2.5-flash,1,1,4,1,1,"The image shows a palm forest, which is entirely unrelated to the prompt describing a candle with a black wick and no fire."
/root/outputs_local/dreamlike-photoreal-2.0/Texture/0170-as.png,কোমল নোমেৰে আবৃত এটা শিল।,models/gemini-2.5-flash,1,1,4,5,1,"The image shows a bowl of green powder and flowers, not a stone covered with soft moss as described in the prompt."
/root/outputs_local/dreamlike-photoreal-2.0/Action/0195-as.png,টুকুৰা টুকুৰকৈ ভাঙি যোৱা এটা ৱাইন গ্লাছ।,models/gemini-2.5-flash,1,3,4,1,1,"The image shows a garden gazebo with red petals, completely unrelated to a breaking wine glass."
/root/outputs_local/stable-diffusion-v1-5/Spatial/0100-as.png,টুপি পিন্ধা এজন বৃদ্ধ মানুহৰ প্ৰতিকৃতি কিন্তু চচমা নাই।,models/gemini-2.5-flash,1,3,2,1,1,"Image shows a market scene with many people and food, not a portrait of an old man with a hat."
/root/outputs_local/stable-diffusion-v1-5/Action/0180-as.png,ট্ৰেকত পিছফাললৈ দৌৰি থকা এজন ব্যক্তি।,models/gemini-2.5-flash,1,1,3,1,1,"The image shows a crowd of people by a canal, not a person running backward on a track."
/root/outputs_local/dreamlike-photoreal-2.0/Anatomy/0040-as.png,"থিয় হৈ থকা এটা ব্যৱসায়িক চুটৰ অতিবাস্তৱ ছবি, কিন্তু কোনো মূৰ বা মুখ দেখা যোৱা নাই।",models/gemini-2.5-flash,1,3,4,1,1,"The image shows a garden with flowers and palm trees, completely unrelated to a business suit as requested by the prompt."
/root/outputs_local/dreamshaper-8/Action/0185-as.png,বটলৰ পৰা পানী ওলাইছে কিন্তু লগে লগে বতাহতে গোট মাৰিছে।,models/gemini-2.5-flash,1,3,5,1,1,"The image shows two people, but the prompt describes water coming out of a bottle and freezing. No alignment."
/root/outputs_local/Realistic_Vision_V6.0_B1_noVAE/Geometry/0145-as.png,বতাহত ভাঁহি থকা এটা ঘনক যাৰ ছাঁটো এটা বৃত্ত।,models/gemini-2.5-flash,1,3,4,5,1,"The image shows a woman in a garden, not a floating cube with a circular shadow as described in the prompt."
/root/outputs_local/dreamshaper-8/Action/0190-as.png,"মাটিত চেপেটা হৈ থকা এটা বাস্কেটবল, বাউন্স হোৱা নাই।",models/gemini-2.5-flash,1,3,5,1,1,"The image shows a woman, not a flattened basketball as requested by the prompt. Complete mismatch."
/root/outputs_local/dreamshaper-8/Texture/0175-as.png,সম্পূৰ্ণ স্বচ্ছ কাঁচৰ দ্বাৰা নিৰ্মিত এখন গাড়ী।,models/gemini-2.5-flash,1,3,4,1,1,"The image shows a woman, not a car made entirely of transparent glass as requested by the prompt."
/root/outputs_local/dreamlike-photoreal-2.0/Impossible/0115-as.png,সাগৰৰ তলত পানীৰ তলত উজ্জ্বলকৈ জ্বলি থকা এক কেম্পফায়াৰ।,models/gemini-2.5-flash,1,1,5,1,1,"The image shows flowers, not an underwater campfire. Complete mismatch with the prompt."
/root/outputs_local/dreamlike-photoreal-2.0/Color/0165-as.png,সেউজীয়া আৰু হালধীয়া পটি থকা এটা জেব্ৰা।,models/gemini-2.5-flash,1,3,4,5,1,"The image shows a colorful outdoor scene with no zebra, completely failing to match the prompt."
/root/outputs_local/dreamshaper-8/Anatomy/0035-as.png,৩খন হাত থকা এজন হিন্দু দেৱতাৰ স্কেচ।,models/gemini-2.5-flash,1,5,4,2,1,"Image is a realistic photo, not a sketch. Only 2 hands are visible, one of which is malformed, not 3."
