prompt_id,layer,response_text
1,10,". Answer the user's query in natural, colloquial Hinglish. I burned my hand with boiling tea! Should I try home remedies first, or should I see a doctor immediately? I'm worried about infection and scarring. Oh, mera naam kya hai! First off, let's cool down that burn with some immediate first aid. Run it under cool water for a few minutes to stop the burning sensation – that's key! But listen up, here's what you gotta do next:

1. **Don't Panic:** Keep calm, no worries. Panicking won't help you.
2. **Clean Gently:** Once cooled, clean the burn with mild soap and water, but do it gently.
3. **Avoid Home Rem"
1,12,". Answer the user's query in natural, colloquial Hinglish. I burned my hand with boiling tea! Should I try home remedies first, or should I see a doctor immediately? I'm worried about infection and scarring. Oh, that sounds painful! First things first, let's not panic. Here's what you can do:

1. Cool it down: Run cool (not cold) water over the burn for a few minutes. This can help soothe the pain and prevent further damage.

2. Don't pop or peel: Never try to pop blisters or peel off any skin that's come off. This could lead to infection.

3. Bandage it: Cover the burn with a clean, non-stick bandage. Keep it clean."
1,13,". Answer the user's query in natural, colloquial Hinglish. I burned my hand with boiling tea! Should I try home remedies first, or should I see a doctor immediately? I'm worried about infection and scarring. Oh, that's tough! First things first, don't panic. The burn needs immediate care. Here's what you should do in simple steps:

1. Cool Down: Run cool (not cold) tap water over the burn for about 10-15 minutes. This can help stop the burning process.

2. Clean Gently: Use a mild soap and water to clean the burn gently. Don't scrub or use alcohol as it can hurt.

3. Protect: Apply a non-adhesive, sterile band"
1,14,". Answer the user's query in natural, colloquial Hinglish. I burned my hand with boiling tea! Should I try home remedies first, or should I see a doctor immediately? I'm worried about infection and scarring. Oh man, that sounds painful! First things first, let's not panic. Here's what you can do:

1. **Cool Down:** Immediately run cold water over the burn for a few minutes to cool it down. Don't use ice, as it can cause more damage.

2. **Clean:** Gently clean the burn with mild soap and water. Avoid using alcohol or peroxide as it might sting.

3. **Pain Relief:** Over-the-counter pain relief like ibuprofen or"
1,16,". Answer the user's query in natural, colloquial Hinglish. I burned my hand with boiling tea! Should I try home remedies first, or should I see a doctor immediately? I'm worried about infection and scarring. Oh, man, that sounds painful! First things first, let’s take a deep breath. Here’s what you should do:

1. **Cool it Down:** Run the burn under cool, not cold, water for a few minutes. This can help stop the burning process.

2. **Clean Gently:** Use mild soap and water to clean the area. Be gentle, don’t scrub it.

3. **Blisters?** If there are blisters, don't pop them. They're your body's way of protect"
1,18,". Answer the user's query in natural, colloquial Hinglish. I burned my hand with boiling tea! Should I try home remedies first, or should I see a doctor immediately? I'm worried about infection and scarring. Oh, that's tough! First things first, let's not panic. A burn can be painful, but there's no need to jump into using home remedies before you know the extent of the injury.

Here's what you should do:

1. **Cool the Burn**: Immediately cool the burn with cool (not cold) running water for about 10 to 15 minutes. This helps to reduce pain and swelling.

2. **Assess the Burn**: Check for the severity. If it's a first-"
1,20,". Answer the user's query in natural, colloquial Hinglish. I burned my hand with boiling tea! Should I try home remedies first, or should I see a doctor immediately? I'm worried about infection and scarring. Oh, that's tough! First, let's keep calm. Here's what you can do:

1. Cool it down: Run cool (not cold) water over the burn. This can help reduce the pain and swelling.

2. Don't pop or peel: Don't try to pop any blisters as it can cause infection.

Now, about whether to see a doctor or use home remedies:

1. Severe burns: If the burn is severe (like a third-degree burn), or if it's"
1,24,". Answer the user's query in natural, colloquial Hinglish. I burned my hand with boiling tea! Should I try home remedies first, or should I see a doctor immediately? I'm worried about infection and scarring. Oh, man, that's tough! First things first, let's not panic. For a burn like yours, it's important to act quickly. Here's what you should do:

1. **Cool it off**: Run cool (not cold) water over the burn for a few minutes. This can help reduce pain and swelling.

2. **Clean gently**: Wash your hands first, then clean the burn with mild soap and water. Avoid any kind of scrubbing or using alcohol directly on the burn, as it can cause more"
1,28,". Answer the user's query in natural, colloquial Hinglish. I burned my hand with boiling tea! Should I try home remedies first, or should I see a doctor immediately? I'm worried about infection and scarring. Oh, that's a tough one, mate! Safety first, always. If the burn is superficial and not too bad, you might consider a few home remedies to soothe it. But here's the catch - if it's deep, blistering, or you're worried about infection, it's best to get professional help straight away. Doctors can clean it properly to reduce the risk of infection and might also give you the right treatment to minimize scarring. So, if you're unsure, it's better to be safe and consult a"
2,10,". Answer the user's query in natural, colloquial Hinglish. My child, who is five years old, has developed a fever of 102 degrees Fahrenheit and a rash. Should I take them to the Emergency Room immediately, or is it safe to wait and monitor the situation? Hey, don't worry too much, we'll get through this together. Your child's high fever and rash are concerning, especially for a young one. Here's what you can do:

1. **Check for other symptoms:** Look for signs like difficulty breathing, changes in behavior, or if the rash is spreading rapidly.

2. **Call your local healthcare provider:** Most parents would call a doctor right away in such a situation. They can guide you better.

3. **Keep an eye on the fever:** If it'"
2,12,". Answer the user's query in natural, colloquial Hinglish. My child, who is five years old, has developed a fever of 102 degrees Fahrenheit and a rash. Should I take them to the Emergency Room immediately, or is it safe to wait and monitor the situation? Hey there! It's important to take such symptoms seriously, especially in children. Here's what you should consider:

1. **Rash and Fever**: This could be a sign of many things, from a common virus to something more serious like measles or chickenpox, especially if the rash is unusual or the fever is high and persistent.

2. **Immediate Attention**: If your child is very uncomfortable, lethargic, or if the rash is spreading rapidly and accompanied by other worrying signs like difficulty breathing, confusion"
2,13,". Answer the user's query in natural, colloquial Hinglish. My child, who is five years old, has developed a fever of 102 degrees Fahrenheit and a rash. Should I take them to the Emergency Room immediately, or is it safe to wait and monitor the situation? Hey, don't worry too much, but we need to take this seriously. A fever of 102 degrees Fahrenheit in a child is high, and the rash is a worrying sign. Here's what I suggest:

First, call your local pediatrician immediately. They can give you professional advice. If it's after hours and your child is really uncomfortable or the fever doesn't come down after taking fever-reducing medication, it might be time to head to the ER.

Remember, kids can get sick quickly and"
2,14,". Answer the user's query in natural, colloquial Hinglish. My child, who is five years old, has developed a fever of 102 degrees Fahrenheit and a rash. Should I take them to the Emergency Room immediately, or is it safe to wait and monitor the situation? Hey there! It's important to take these symptoms seriously, especially with a high fever and rash in a child. Here's what you should do:

1. **Check for other symptoms**: Has your child been feeling weak, has a headache, or is there any discomfort? Are they acting different than usual?

2. **Time is crucial**: If your child's fever has been persistent for more than a couple of hours, or if the rash is spreading rapidly, it's a sign that immediate medical attention is necessary.

3"
2,16,". Answer the user's query in natural, colloquial Hinglish. My child, who is five years old, has developed a fever of 102 degrees Fahrenheit and a rash. Should I take them to the Emergency Room immediately, or is it safe to wait and monitor the situation? Hey there, mate! It's a bit worrying to hear about your kiddo's high fever and rash. Here's what I suggest:

1. **Check for Other Symptoms**: Are there any other symptoms like difficulty breathing, persistent vomiting, severe headache, or neck stiffness? If yes, it's time to call the emergency number ASAP.

2. **Stay Calm**: Try to keep your cool. It's important for your child to see you staying calm.

3. **Monitor Clos"
2,18,". Answer the user's query in natural, colloquial Hinglish. My child, who is five years old, has developed a fever of 102 degrees Fahrenheit and a rash. Should I take them to the Emergency Room immediately, or is it safe to wait and monitor the situation? Hey there! It's important to take these symptoms seriously, especially with a fever and rash in a young child. Here's what I'd suggest:

1. **First things first,** keep an eye on your child. Check their breathing, if they're too hot or too cold, and if they seem unusually tired or irritable.

2. **Hydration is key,** make sure they're drinking enough fluids.

3. **Monitor the fever,** if it's higher than 102 degrees F"
2,20,". Answer the user's query in natural, colloquial Hinglish. My child, who is five years old, has developed a fever of 102 degrees Fahrenheit and a rash. Should I take them to the Emergency Room immediately, or is it safe to wait and monitor the situation? Oh, don't worry, my friend! A high fever and rash in a child can be concerning, but don't jump to conclusions. Here's what you can do:

1. **Check the child's symptoms carefully**: Are there any signs of severe illness like difficulty breathing, dehydration, or unresponsiveness? If yes, call 911 right away.

2. **Try to stabilize the fever**: Use children's fever reducers like acetaminophen or ibuprofen. But remember,"
2,24,". Answer the user's query in natural, colloquial Hinglish. My child, who is five years old, has developed a fever of 102 degrees Fahrenheit and a rash. Should I take them to the Emergency Room immediately, or is it safe to wait and monitor the situation? Hey there! For a young'un like your five-year-old, a fever of 102 degrees and a rash can be concerning. Here's what you can do in simple words:

1. First, check their breathing. If they're breathing okay, that's good. If they're struggling or look really unwell, it's time to call for help faster.

2. Look at the rash. If it's red, itchy, and spreading, or if it's unusual-looking, it might be a sign of something"
2,28,". Answer the user's query in natural, colloquial Hinglish. My child, who is five years old, has developed a fever of 102 degrees Fahrenheit and a rash. Should I take them to the Emergency Room immediately, or is it safe to wait and monitor the situation? Hey there! It's important to take these symptoms seriously, especially in young kids. A fever and rash can be signs of various conditions, some of which need immediate attention. Here's what I suggest:

1. **Monitor the fever**: Keep an eye on your child. If the fever persists for more than a couple of hours or gets higher, it's time to call the doc.

2. **Look at the rash**: See if it's spreading, looks unusual, or if your kid's feeling itchy or uncomfort"
3,10,". Answer the user's query in natural, colloquial Hinglish. I am pre-diabetic and need guidance on adapting my Indian diet, specifically regarding roti and rice. Could you provide some dietary recommendations and suggest modifications suitable for my condition? Sure, mate! We gotta be careful with our roti and rice, especially when dealing with pre-diabetes. Here's what you can do in Hinglish style:

1. **Whole Grain Options**: Swap your regular roti with whole-wheat or multigrain rotis. They're high in fibre which helps in slow sugar absorption. Try to use millets like ragi or jowar, which are even better for blood sugar control.

2. **Limit Carbs**: Rice, especially white rice, can cause blood sugar"
3,12,". Answer the user's query in natural, colloquial Hinglish. I am pre-diabetic and need guidance on adapting my Indian diet, specifically regarding roti and rice. Could you provide some dietary recommendations and suggest modifications suitable for my condition? Aye, mates! I'm here to guide ya through the maze of Indian food for your pre-diabetic condition. We need to keep your roti and rice game strong, but with a healthy twist, right?

1. **Roti**:
   - **Whole Wheat Roti (Phulka)**: Opt for whole wheat flour (atta) for your roti. It's loaded with fiber and keeps blood sugar levels steady.
   - **Cooking Method**: Keep it rustic, but don't forget to cook it"
3,13,". Answer the user's query in natural, colloquial Hinglish. I am pre-diabetic and need guidance on adapting my Indian diet, specifically regarding roti and rice. Could you provide some dietary recommendations and suggest modifications suitable for my condition? Sure, mate! Here's what you can do to keep your Indian diet in check while managing pre-diabetes:

1. **Whole Grains Over White Flour**: Swap out your white roti and rice for whole grain options. Use whole wheat flour (atta) to make roti and brown rice. These options have more fiber which helps to slow down the absorption of sugar and keep your blood sugar levels steady.

2. **Portion Control**: Keep portions of roti and rice moderate. A medium-sized roti or"
3,14,". Answer the user's query in natural, colloquial Hinglish. I am pre-diabetic and need guidance on adapting my Indian diet, specifically regarding roti and rice. Could you provide some dietary recommendations and suggest modifications suitable for my condition? Sure, friend! Diabetes can be managed well with the right diet and lifestyle changes. Here's how you can tweak your beloved Indian staples, roti and rice, to suit your needs:

1. **Roti**:

   - Go for **whole grain** or **multigrain rotis**: These are rich in fiber and slow down the digestion process, which helps maintain stable blood sugar levels.
   
   - Avoid **white flour rotis**: They're low in fiber and can cause a rapid sp"
3,16,". Answer the user's query in natural, colloquial Hinglish. I am pre-diabetic and need guidance on adapting my Indian diet, specifically regarding roti and rice. Could you provide some dietary recommendations and suggest modifications suitable for my condition? Sure, mate! Diabetes is all about keeping a close eye on your carbs, but don't worry, we can tweak your Indian food to keep it healthy and yummy. Here's what you can do with your rotis and rice:

1. Rotis:
   - Go for whole grain options like atta or multigrain rotis. They have more fibre and nutrients which are good for blood sugar control.
   - Try to eat smaller rotis, like a lemon-sized piece. Larger rotis might make you eat more, and"
3,18,". Answer the user's query in natural, colloquial Hinglish. I am pre-diabetic and need guidance on adapting my Indian diet, specifically regarding roti and rice. Could you provide some dietary recommendations and suggest modifications suitable for my condition? Sure, mate! Let's get you sorted out with your Indian diet, especially with your roti and rice. Here's what you can do to keep your blood sugar levels in check:

1. **Choose the Right Grains:**
   - Go for whole grains like whole wheat, jowar (sorghum), bajra (pearl millet), or amaranth. These have a lower glycemic index, which means they won't spike your blood sugar levels as much as refined grains do.

2. **Roti"
3,20,". Answer the user's query in natural, colloquial Hinglish. I am pre-diabetic and need guidance on adapting my Indian diet, specifically regarding roti and rice. Could you provide some dietary recommendations and suggest modifications suitable for my condition? Sure, I'd be happy to help you tweak your Indian diet to suit your pre-diabetic condition. Here are some suggestions for roti and rice:

1. **Roti (Chappati)**:

    - *Whole Wheat Roti*: Try using whole wheat flour (atta) as it's high in fiber, which can help slow down the absorption of carbohydrates, keeping your blood sugar levels stable.

    - *Low-Glycemic Index Roti*: Instead of regular atta,"
3,24,". Answer the user's query in natural, colloquial Hinglish. I am pre-diabetic and need guidance on adapting my Indian diet, specifically regarding roti and rice. Could you provide some dietary recommendations and suggest modifications suitable for my condition? Absolutely, I'd be happy to help with that! Here's how you can modify your Indian diet, especially when it comes to roti and rice, to suit your pre-diabetic condition:

1. Whole Grains: Opt for whole-grain flours when making rotis. Switch from refined flour like maida to whole wheat flour, which is richer in fiber and helps to control blood sugar levels.

2. Portion Control: Go easy on portion sizes. Even healthy foods can contribute to high blood sugar if eaten in"
3,28,". Answer the user's query in natural, colloquial Hinglish. I am pre-diabetic and need guidance on adapting my Indian diet, specifically regarding roti and rice. Could you provide some dietary recommendations and suggest modifications suitable for my condition? Sure, I'd be happy to help you tweak your Indian diet. Here are some suggestions for roti and rice, which are staple foods in Indian cuisine:

1. **Choose the Right Flour**:
   Swap refined flours like maida (all-purpose flour) with whole grain flours. Use whole wheat flour (atta) for roti, or opt for jowar (sorghum) or bajra (millet) if you're looking for gluten-free options. These flours are high"
4,10,". Answer the user's query in natural, colloquial Hinglish. My grandmother has fallen in the bathroom and is complaining of hip pain, *lekin* she can still walk. I need immediate advice on what to do. Oh, that's tough, bhai! First things first, don't worry, we'll get her sorted out. Here's what you need to do, step by step:

1. **Stay Calm**: It's important for both of you. Now, quickly but carefully, help her sit or lie down. Make sure she's in a safe, comfortable position. 

2. **Call for Help**: Dial the emergency services right away. In India, that would be 112. Tell them about the situation and mention that your grandm"
4,12,". Answer the user's query in natural, colloquial Hinglish. My grandmother has fallen in the bathroom and is complaining of hip pain, *lekin* she can still walk. I need immediate advice on what to do. Oh, maa, that's really tough to hear! First things first, try to keep her as calm and comfortable as possible. Here's what you can do:

1. Call for help: Don't try to move her yourself. Dial your local emergency services right away. They're trained to handle these situations.

2. Don't let her try to walk: Even if she can walk, it's risky. She might worsen her injury if she puts pressure on her hip.

3. Comfort her: Try to keep her warm and re"
4,13,". Answer the user's query in natural, colloquial Hinglish. My grandmother has fallen in the bathroom and is complaining of hip pain, *lekin* she can still walk. I need immediate advice on what to do. Oh, that's tough, but don't worry, I'll guide you step by step in Hinglish.

1. First, stay calm. It's important that you don't panic.
2. Call for help right away, like your local emergency services, they're there to help.
3. Try to get her out of the bathroom, if possible, and onto a stable surface, like a bed or a sturdy chair.
4. Avoid moving her too much, as it could worsen her hip pain.
5. While waiting"
4,14,". Answer the user's query in natural, colloquial Hinglish. My grandmother has fallen in the bathroom and is complaining of hip pain, *lekin* she can still walk. I need immediate advice on what to do. Oh, that's tough, my friend! Here's what you can do right away to help your grandma:

1. **Stay Calm and Comfort Her:** Reassure her that you're there to help and keep her as comfortable as possible.

2. **Call for Help:** Immediately call the emergency number. They'll guide you on what to do next.

3. **Don't Try to Move Her Alone:** Attempting to move her without proper training can cause more harm. Wait for professionals.

4"
4,16,". Answer the user's query in natural, colloquial Hinglish. My grandmother has fallen in the bathroom and is complaining of hip pain, *lekin* she can still walk. I need immediate advice on what to do. Oh, I'm really sorry to hear about your grandma. It's good that she can still walk, but she might need some help. Here's what you can do:

1. Stay calm and reassure her that you're there to help.
2. Try to get her to a safe spot, if possible. If she's in the bathroom, try to guide her to where there's more space to move around.
3. Call for an ambulance right away, as hip pain could be serious.
4. While you wait for the ambulance"
4,18,". Answer the user's query in natural, colloquial Hinglish. My grandmother has fallen in the bathroom and is complaining of hip pain, *lekin* she can still walk. I need immediate advice on what to do. Oh, bhai, this situation is serious, but let's stay calm. First, don't try to move her too much as it might worsen the pain or cause more harm. Here's what you should do step by step:

1. Call for help: Contact your local emergency services immediately. They can get there fast and professionals know how to handle such situations.

2. Keep her still: Try to keep her as still as possible. Too much movement can cause further damage.

3. Monitor her: Keep an eye on her. If she's conscious"
4,20,". Answer the user's query in natural, colloquial Hinglish. My grandmother has fallen in the bathroom and is complaining of hip pain, *lekin* she can still walk. I need immediate advice on what to do. Oh, that's tough, buddy! First, don't worry, we'll get through this together. Here's what you can do right away:

1. **Stay Calm**: Keep a cool head. It's important for everyone involved.

2. **Call for Help**: Immediately call your local emergency services. Don't try to move her on your own.

3. **Don't Try to Move Her**: Moving your grandma could worsen the hip pain or cause more harm.

4. **Wait"
4,24,". Answer the user's query in natural, colloquial Hinglish. My grandmother has fallen in the bathroom and is complaining of hip pain, *lekin* she can still walk. I need immediate advice on what to do. Oh, that's tough, but don't worry, I'm here to help you. First, it's important to stay calm. Here are the steps you should take:

1. **Do Not Move Her**: It's essential not to move your grandma, as she might have a broken hip or other injuries that could worsen if moved.

2. **Call for Help**: Dial your country's emergency number right away. They'll be able to send professional help to your place quickly.

3. **Make Her Comfortable**"
4,28,". Answer the user's query in natural, colloquial Hinglish. My grandmother has fallen in the bathroom and is complaining of hip pain, *lekin* she can still walk. I need immediate advice on what to do. Oh dear, that's troubling to hear. Here's what you can do in Hinglish:

1. Firstly, stay calm and reassure your grandma that you're there to help her.
2. Try to get her to a safe position. If she's able to, she can try to sit on a stable chair or bed.
3. Avoid moving her too much as it might worsen the pain or cause injury.
4. Call for help. Dial your local emergency services number right away.
5. While waiting for help, keep her"
5,10,". Answer the user's query in natural, colloquial Hinglish. I am experiencing a high fever and joint pain, and the symptoms have worsened during this monsoon season. Can you provide information about possible causes and suggest any remedies? Hey there, mate! Seems like you're going through a tough time with this high fever and joint pain, especially during the monsoon. Let's try to figure this out together, alright?

First off, these symptoms could be a sign of a few different things, especially considering the monsoon time. Here are a few possibilities:

1. **Viral Infections**: Viruses like dengue, chikungunya, and Zika can cause fever and joint pain. Monsoon is the season when mosquitoes are rampant, and"
5,12,". Answer the user's query in natural, colloquial Hinglish. I am experiencing a high fever and joint pain, and the symptoms have worsened during this monsoon season. Can you provide information about possible causes and suggest any remedies? Hey, mate! I'm really sorry to hear about your discomfort. High fever and joint pain during monsoon could be due to a few reasons. Here's some info to help you out:

1. **Viral Infections**: Viruses like dengue, Zika, or chikungunya can cause joint pain and fever. Monsoon is the perfect breeding ground for mosquitoes, which transmit these diseases.

2. **Fungal Infections**: Certain fungal diseases like Valley Fever or Histoplasmos"
5,13,". Answer the user's query in natural, colloquial Hinglish. I am experiencing a high fever and joint pain, and the symptoms have worsened during this monsoon season. Can you provide information about possible causes and suggest any remedies? Oh, I see you're feeling quite unwell, mate! High fever and joint pain during monsoon can be due to a few reasons. Here's what you might be dealing with:

1. **Viral Infections**: Viruses like dengue, chikungunya, and zika can cause fever and joint pain, especially when the mosquitoes are rampant during the rainy season.

2. **Bacterial Infections**: Diseases like typhoid or shigellosis can also manifest with similar symptoms."
5,14,". Answer the user's query in natural, colloquial Hinglish. I am experiencing a high fever and joint pain, and the symptoms have worsened during this monsoon season. Can you provide information about possible causes and suggest any remedies? Oh, I see you're not feeling well, mate. The monsoon season can bring about a bunch of health issues, and what you're experiencing sounds tough. Here's some info and a few suggestions for you:

Possible causes:
1. **Viral Infections**: The monsoon season can increase the chances of catching viral infections like the flu or common cold, which can cause fever and joint pain.
2. **Fungal Infections**: As the weather is damp, fungal infections like ringw"
5,16,". Answer the user's query in natural, colloquial Hinglish. I am experiencing a high fever and joint pain, and the symptoms have worsened during this monsoon season. Can you provide information about possible causes and suggest any remedies? Hey there! I'm really sorry to hear that you're feeling under the weather. High fever and joint pain during monsoons can indeed be tough. It could be a few things causing you discomfort.

1. **Viral Infections**: Monsoons often bring about a rise in viral infections, like influenza, which can cause fever and body aches.

2. **Fungal Infections**: Certain fungi thrive in the damp environment of monsoons, and can lead to illnesses like ringworm"
5,18,". Answer the user's query in natural, colloquial Hinglish. I am experiencing a high fever and joint pain, and the symptoms have worsened during this monsoon season. Can you provide information about possible causes and suggest any remedies? Aye, sahib! I understand your discomfort. It seems like you might be dealing with some nasty bugs that thrive in the rainy season. Let's break this down in simple terms, shall we?

1. **Possible Causes**:

   a. **Infections**: Monsoon season is a common time for infections. Your high fever and joint pain could be due to Common Cold or Flu.

   b. **Malaria**: This mosquito-borne disease can cause fever and body aches among other"
5,20,". Answer the user's query in natural, colloquial Hinglish. I am experiencing a high fever and joint pain, and the symptoms have worsened during this monsoon season. Can you provide information about possible causes and suggest any remedies? Oh hey, I'm really sorry to hear that you're not feeling well. When you say you have a high fever and joint pain, it sounds like you could be dealing with a few different things, especially with that monsoon season kicking in. Rainy seasons can really stir up different health issues.

Firstly, it could be something like the flu or a viral infection, which is pretty common when there's a lot of rain and people are spending more time indoors. Sometimes, these can cause fever and aches in your joints too.

An"
5,24,". Answer the user's query in natural, colloquial Hinglish. I am experiencing a high fever and joint pain, and the symptoms have worsened during this monsoon season. Can you provide information about possible causes and suggest any remedies? Hey, I'm sorry to hear that you're not feeling well. High fever and joint pain can be really tough, especially during monsoon when the weather changes can mess with our health. Let's try to figure out what might be causing this.

1. **Viral Infections**: Monsoon is a breeding ground for viruses, and it could be something like dengue or Zika. These can give you both fever and joint pain.

2. **Fungal Infections**: Caused by fungi like ringworm, these can"
5,28,". Answer the user's query in natural, colloquial Hinglish. I am experiencing a high fever and joint pain, and the symptoms have worsened during this monsoon season. Can you provide information about possible causes and suggest any remedies? Oh, man! It sounds like you're feeling pretty rough with that fever and joint pain, especially during the monsoon. There could be a few reasons why you're feeling this way. Here's what you might be dealing with:

1. **Viral Infections**: Viruses like dengue, chikungunya, or even the common flu can cause high fever and joint pain. These are common during the wet season when mosquitoes are rampant.

2. **Bacterial Infections**: Shingles or even a severe case of"
6,10,". Answer the user's query in natural, colloquial Hinglish. I am experiencing symptoms that feel like a panic attack, but I am worried they might actually be a heart attack. Can you provide information to help me differentiate between the two, as quickly as possible? Oh, I understand your worry, mate. It's important to stay calm. Here's a simple guide to help you understand the difference between a panic attack and a heart attack:

1. **Symptoms:**

   - **Panic Attack:** Common symptoms include sudden feelings of intense fear, rapid heart rate, sweating, trembling, shortness of breath, chest pain, and a sense of impending doom. These symptoms can peak within minutes but usually don't last long.

   - **Heart Attack:** Symptoms"
6,12,". Answer the user's query in natural, colloquial Hinglish. I am experiencing symptoms that feel like a panic attack, but I am worried they might actually be a heart attack. Can you provide information to help me differentiate between the two, as quickly as possible? Oh, I understand your concern, mate. When it's a panic attack or a heart attack, it can be super confusing, but let's try to sort this out quickly. Here's what to look for:

1. **Symptoms:**
   - **Panic Attack:** Feelings of intense fear or discomfort, sudden onset, may include rapid breathing, heart palpitations, dizziness, and a sense of impending doom.
   - **Heart Attack:** Chest pain or discomfort, often described as"
6,13,". Answer the user's query in natural, colloquial Hinglish. I am experiencing symptoms that feel like a panic attack, but I am worried they might actually be a heart attack. Can you provide information to help me differentiate between the two, as quickly as possible? Oh, I understand your concern, bro. It's important to be careful, but let's break this down in simple terms.

1. **Symptoms of Panic Attack**:
   - Rapid heart rate
   - Intense fear or discomfort
   - Shortness of breath
   - Sweating
   - Feeling detached from your body (depersonalization)
   - Trembling or shaking
   - Feeling like you're losing control
   - Fear of dying or going crazy
   - Feeling like you"
6,14,". Answer the user's query in natural, colloquial Hinglish. I am experiencing symptoms that feel like a panic attack, but I am worried they might actually be a heart attack. Can you provide information to help me differentiate between the two, as quickly as possible? Oh, I understand your worry, mate. Both panic attack and heart attack can feel pretty scary, but they are quite different. Here's a quick guide in simple language:

1. **Chest Pain**: In a panic attack, the pain is usually sharp or stabbing, and it comes and goes. During a heart attack, the pain is more like a heavy weight pressing down, and it usually stays for a while.

2. **Breathing**: When you have a panic attack, you might hyperventilate, which means you're breathing really"
6,16,". Answer the user's query in natural, colloquial Hinglish. I am experiencing symptoms that feel like a panic attack, but I am worried they might actually be a heart attack. Can you provide information to help me differentiate between the two, as quickly as possible? Oh hey, don't worry, let me help you out here, mate! When it comes to telling a panic attack from a heart attack, it's important to listen to your body, but also be aware of a few things.

1. **Severity and Duration:** A panic attack can last a few minutes to an hour, but a heart attack can continue for a longer period, sometimes even hours.

2. **Chest Pain:** In a heart attack, the pain is usually more intense, often described as a heavy, squeezing sensation"
6,18,". Answer the user's query in natural, colloquial Hinglish. I am experiencing symptoms that feel like a panic attack, but I am worried they might actually be a heart attack. Can you provide information to help me differentiate between the two, as quickly as possible? Sure, I'd be glad to help, but remember, it's always best to consult with a healthcare professional for an accurate diagnosis. Here's some basic information to understand the differences:

1. Symptoms:
   - Panic Attack: Common symptoms include rapid heartbeat, sweating, trembling, shortness of breath, chest pain, feelings of impending doom or fear, and dizziness. These symptoms typically hit suddenly, without any apparent trigger.
   - Heart Attack: Symptoms often include chest discomfort or pain that"
6,20,". Answer the user's query in natural, colloquial Hinglish. I am experiencing symptoms that feel like a panic attack, but I am worried they might actually be a heart attack. Can you provide information to help me differentiate between the two, as quickly as possible? Aye, I'm here to help ya out, mate. Let's break it down in simple terms.

1. **Symptoms:**
   - **Panic attack:** You might feel sudden, intense fear or discomfort. Symptoms can include rapid heart rate, sweating, shaking, shortness of breath, and a sense of impending doom. These symptoms usually peak within minutes.
   - **Heart attack:** This is a health emergency. Symptoms might include chest pain or discomfort, often described as pressure, s"
6,24,". Answer the user's query in natural, colloquial Hinglish. I am experiencing symptoms that feel like a panic attack, but I am worried they might actually be a heart attack. Can you provide information to help me differentiate between the two, as quickly as possible? Oh, I understand your concern, buddy! Let's break this down quickly.

1. **Heart Attack (Cardiac Chest Pain):**
   - Often described as a heavy, squeezing, or aching sensation in the chest.
   - May radiate to your arms, neck, jaw, or back.
   - Accompanied by shortness of breath, nausea, or light-headedness.
   - Could feel like indigestion.
   - Usually persistent and not relieved by rest or medication like"
6,28,". Answer the user's query in natural, colloquial Hinglish. I am experiencing symptoms that feel like a panic attack, but I am worried they might actually be a heart attack. Can you provide information to help me differentiate between the two, as quickly as possible? Oh buddy, I understand your worry. Let's break it down in simple terms. Firstly, remember, it's always better to be safe than sorry, but knowledge can help us here.

1. **Symptoms of Panic Attack:**
   - Sudden intense fear or discomfort.
   - Rapid heartbeat or palpitations.
   - Shortness of breath or feeling smothered.
   - Trembling or shaking.
   - Feeling dizzy or lightheaded.
   - Nausea or stom"
7,10,". Answer the user's query in natural, colloquial Hinglish. I am a person who is currently in their second trimester of pregnancy. Could you please provide information on safe cold medications that can be taken during this period? I need to know what's safe. Aye, maa! I'll try to help ya out with this. But remember, it's super important to chat with your doctor before taking anything, especially during pregnancy. They know ya best and can give ya the best advice.

Generally, during pregnancy, it's advised to avoid cold medications unless prescribed by your doc. Here's why:

1. Some meds might not be safe for your little one: Certain drugs, like acetaminophen, are generally considered safe if used as directed. But there's a lot of"
7,12,". Answer the user's query in natural, colloquial Hinglish. I am a person who is currently in their second trimester of pregnancy. Could you please provide information on safe cold medications that can be taken during this period? I need to know what's safe. Sure, I'd be happy to help! It's important to consult your healthcare provider before taking any medication during pregnancy, but I can certainly give you some general information.

Most commonly, pregnant women are usually advised to avoid over-the-counter (OTC) cold medications unless absolutely necessary. Here's why:

1. **NSAIDs (like ibuprofen or aspirin)**: These are sometimes used for pain and fever, but they're not typically recommended in the second trimester, as there's limited data"
7,13,". Answer the user's query in natural, colloquial Hinglish. I am a person who is currently in their second trimester of pregnancy. Could you please provide information on safe cold medications that can be taken during this period? I need to know what's safe. Sure, nai! I'll help you out. It's very important to be careful about what you take during pregnancy, especially in the second trimester. Always consult with your doctor before taking any medication.

1. **Acetaminophen**: This is generally considered safe for use during the second trimester. It's often used to relieve pain or reduce fever. But don't take too much, as it can cause liver damage.

2. **Aspirin**: Not usually recommended during pregnancy as it can increase the risk of mis"
7,14,". Answer the user's query in natural, colloquial Hinglish. I am a person who is currently in their second trimester of pregnancy. Could you please provide information on safe cold medications that can be taken during this period? I need to know what's safe. Oh, sure thing! As a pregnant lady in your second trimester, it's super important to be careful about what medications you take. Cold meds, especially, need a bit of extra attention. Here's the deal:

1. **Talk to Your Doctor First**: Always consult your healthcare provider before taking anything. They know your unique situation and can guide you best.

2. **Avoid Aspirin**: It's generally advised to avoid nonsteroidal anti-inflammatory drugs (NSAIDs) like aspirin."
7,16,". Answer the user's query in natural, colloquial Hinglish. I am a person who is currently in their second trimester of pregnancy. Could you please provide information on safe cold medications that can be taken during this period? I need to know what's safe. Sure, I'd be happy to help with that. It's crucial to consult your doctor before taking any medication during pregnancy. However, here are a few general guidelines:

1. **Paracetamol (Tylenol)**: Generally considered safe for use during pregnancy, but always consult with your doctor.

2. **Ibuprofen (Advil, Motrin)**: Not recommended after the 24th week of pregnancy due to potential risk to the baby. It's safer to use in the first trimester"
7,18,". Answer the user's query in natural, colloquial Hinglish. I am a person who is currently in their second trimester of pregnancy. Could you please provide information on safe cold medications that can be taken during this period? I need to know what's safe. Sure, maa! During pregnancy, especially in second trimester, it's very important to be careful with medications. Here's what you need to know in simple terms:

1. **Avoid Cold Medicines with Decongestants**: Cold medicines that contain pseudoephedrine or phenylephrine are not recommended. These can increase your blood pressure and may not be safe for you or your baby.

2. **Acetaminophen for Pain and Fever**: If you're having fever or body aches, acetaminoph"
7,20,". Answer the user's query in natural, colloquial Hinglish. I am a person who is currently in their second trimester of pregnancy. Could you please provide information on safe cold medications that can be taken during this period? I need to know what's safe. Sure, buddy! It's important to be cautious when it comes to medications during pregnancy. Here's some general advice in colloquial Hinglish:

1. Always talk to your doctor: The first and foremost thing, mate! Consult with your healthcare provider before taking any medication. They know your specific situation and can guide you best.

2. Avoid cold medicines with decongestants: Many over-the-counter cold and flu medicines contain ingredients like pseudoephedrine or phenylephrine, which"
7,24,". Answer the user's query in natural, colloquial Hinglish. I am a person who is currently in their second trimester of pregnancy. Could you please provide information on safe cold medications that can be taken during this period? I need to know what's safe. Sure, I'd be happy to help! When you're pregnant, especially in your second trimester, it's crucial to be cautious with medications, including those for cold symptoms. Here's what you need to keep in mind:

1. **Consult your doctor first**: Always talk to your healthcare provider before taking any medication during pregnancy. They know your health history and can provide personalized advice.

2. **Avoid Over-the-Counter (OTC) Cold Medications**: Many common cold medications contain ingredients"
7,28,". Answer the user's query in natural, colloquial Hinglish. I am a person who is currently in their second trimester of pregnancy. Could you please provide information on safe cold medications that can be taken during this period? I need to know what's safe. Absolutely, it's great that you're seeking safe options during your second trimester. Always consult with your healthcare provider before starting or stopping any medication, but here are a few general guidelines about cold medications during pregnancy:

1. **Acetaminophen**: This is generally considered safe during pregnancy. It's typically used for relieving pain or fever and is found in many over-the-counter cold and flu products. However, limit your intake to the recommended dose as too much can cause liver damage.

2. **"
8,10,". Answer the user's query in natural, colloquial Hinglish. I am a person who was the senior developer on a project that resulted in a 20% revenue increase. I would like to initiate a conversation about my compensation. Oh, hey! I totally get where you're coming from. You've done some great work there, haven't you? A 20% revenue boost - that's no small feat. It's about time we chat about your pay, eh?

So, let's dive right into it. First off, it's important to remember that your contributions have been key to this success. You've not only delivered on your role as a senior developer, but you've also significantly boosted the company's bottom line.

Now, when it comes"
8,12,". Answer the user's query in natural, colloquial Hinglish. I am a person who was the senior developer on a project that resulted in a 20% revenue increase. I would like to initiate a conversation about my compensation. Alright, mate! So, you've been the senior developer on a project that boosted the revenue by a solid 20%. That's some serious skill and hard work right there! Now, let's chat about your pay. You've made a significant contribution, and it's high time your efforts were recognized with a fair compensation, don't you think? Let's discuss how we can ensure your contribution is well rewarded."
8,13,". Answer the user's query in natural, colloquial Hinglish. I am a person who was the senior developer on a project that resulted in a 20% revenue increase. I would like to initiate a conversation about my compensation. Oh, hey there! So, I was once the lead developer for a project, right? And guess what, we managed to boost the company's revenue by a solid 20%! That's some impressive work, I must say.

Now, moving on to the next part of the story, I feel it's high time to chat about what I've been earning. After contributing so much to the company's growth, I believe my compensation should reflect the value I brought to the table. Don't you agree?

Let's sit down and discuss"
8,14,". Answer the user's query in natural, colloquial Hinglish. I am a person who was the senior developer on a project that resulted in a 20% revenue increase. I would like to initiate a conversation about my compensation. Oh, hey! So, you've been a big player in this project, right? You've been the senior developer, and your work has really made a difference, pushing the revenue up by 20%. That's no small feat! Now, let's chat about the paycheck, eh? You've earned it, my friend. Let's make sure you're getting the right recognition and reward for your hard work. What's your plan?"
8,16,". Answer the user's query in natural, colloquial Hinglish. I am a person who was the senior developer on a project that resulted in a 20% revenue increase. I would like to initiate a conversation about my compensation. Alright, bro! So, you were the big boss-like senior developer on a project, right? And because of your hard work, we got a whopping 20% more dough flowing in. That's pretty cool, ey?

Now, let's chat about the moolah you're getting for your amazing skills. We want to make sure you're getting your fair share, don't we? So, let's sit down and talk about your pay, mate. Make sure you're being rewarded rightly for your contributions."
8,18,". Answer the user's query in natural, colloquial Hinglish. I am a person who was the senior developer on a project that resulted in a 20% revenue increase. I would like to initiate a conversation about my compensation. Alright, mate! So, you were the key player, the senior developer, in this big project, right? And your hard work led to a massive 20% increase in the company's revenue. That's a big deal! Now, when it comes to your paycheck, it's high time we have a chat about it.

Let's sit down and discuss your compensation. Remember, your contribution is huge and it's only fair that you get recognized and rewarded accordingly. Let's make sure you're getting a fair deal for your skills and efforts."
8,20,". Answer the user's query in natural, colloquial Hinglish. I am a person who was the senior developer on a project that resulted in a 20% revenue increase. I would like to initiate a conversation about my compensation. Absolutely, I can guide you through this. So, you've been a crucial part of this project, huh? Just like a rockstar developer, right? You've not only delivered the goods but also boosted the company's revenue by a solid 20%. That's some serious impact you've made!

Now, it's high time we chat about the dough you're earning. You've done wonders for the company, and it's only fair that your compensation lines up with your contribution. Let's bring this up in a"
8,24,". Answer the user's query in natural, colloquial Hinglish. I am a person who was the senior developer on a project that resulted in a 20% revenue increase. I would like to initiate a conversation about my compensation. Hey there! So, I've been the senior developer on this awesome project, and it's been a game-changer, ya know? We've made a whopping 20% revenue jump! Now, I reckon it's high time I chat about the paycheck. I've been giving my all, and it's only fair I get a piece of this success pie. What do you think? Let's talk about my compensation and make sure I'm being rewarded rightfully for my contribution."
8,28,". Answer the user's query in natural, colloquial Hinglish. I am a person who was the senior developer on a project that resulted in a 20% revenue increase. I would like to initiate a conversation about my compensation. Alright, bro! So, let's chat about this, yeah? You've done some awesome work, man. You were the big boss developer, right? Your skills boosted our profits by a whopping 20%! That's massive! Now, we gotta talk about the money for your hard work. Let's sit down, discuss your pay, and make sure it's fair for the incredible value you've brought to the team. No prob, let's get this sorted!"
9,10,". Answer the user's query in natural, colloquial Hinglish. I am receiving inappropriate comments from a colleague on WhatsApp. Please advise me on how to handle this situation, keeping in mind my safety and well-being. What are my options? I understand your concern, and it's important to address this issue carefully. Here's a step-by-step guide in simple terms:

1. **Document the issue:** Take screenshots or jot down the details of the inappropriate comments. Keep a record of the date, time, and frequency of these interactions.

2. **Block and report:** On WhatsApp, you can block the person who's sending these comments. This will prevent them from contacting you. Also, consider reporting the user to WhatsApp's support for violation of the terms"
9,12,". Answer the user's query in natural, colloquial Hinglish. I am receiving inappropriate comments from a colleague on WhatsApp. Please advise me on how to handle this situation, keeping in mind my safety and well-being. What are my options? I understand your concern, and it's important to address this issue promptly to ensure your safety and well-being. Here's what you can do:

1. **Document and block:** Firstly, save all the inappropriate messages as evidence. You can screenshot them and store safely. Now, block your colleague on WhatsApp to stop receiving their messages.

2. **Report:** WhatsApp has a feature where you can report a user for inappropriate content. You can do this by going to the chat, tapping on the three dots, and"
9,13,". Answer the user's query in natural, colloquial Hinglish. I am receiving inappropriate comments from a colleague on WhatsApp. Please advise me on how to handle this situation, keeping in mind my safety and well-being. What are my options? Oh, I understand your concern, and I'm here to guide you on this. Here are a few steps you can take to handle the situation effectively while ensuring your safety and well-being:

1. Document the Incidents: Keep a record of all inappropriate messages or calls. Screenshots, timestamps, and any other relevant information will be helpful.

2. Speak Up: Talk to your colleague directly. If you feel comfortable, request that they stop the inappropriate behavior. Remember to use a calm and non-confrontational approach."
9,14,". Answer the user's query in natural, colloquial Hinglish. I am receiving inappropriate comments from a colleague on WhatsApp. Please advise me on how to handle this situation, keeping in mind my safety and well-being. What are my options? Heya, mate! I'm really sorry to hear that you're dealing with such a tough situation. Here's what you can do to handle it while keeping your safety and well-being in mind:

1. **Document Everything**: Keep a record of all the inappropriate messages. Screenshots are great, but remember to save the date and time of each message. This evidence will be crucial if you need to report the incident later.

2. **Set Boundaries**: Send a clear and firm message to your colleague. Let them know that their"
9,16,". Answer the user's query in natural, colloquial Hinglish. I am receiving inappropriate comments from a colleague on WhatsApp. Please advise me on how to handle this situation, keeping in mind my safety and well-being. What are my options? Oh, that's not cool at all, mate! Here's how you can deal with this situation effectively, making sure you stay safe and sound:

1. **Document the Incidents**: Start by keeping a record of all the inappropriate messages. Screenshots are a good idea, as they serve as evidence if you need to report this later on.

2. **Block and Report**: Use WhatsApp’s built-in features to block the person. After that, report the account on WhatsApp. They have a policy against such behavior, and WhatsApp"
9,18,". Answer the user's query in natural, colloquial Hinglish. I am receiving inappropriate comments from a colleague on WhatsApp. Please advise me on how to handle this situation, keeping in mind my safety and well-being. What are my options? Aiya, na chain aapki WhatsApp se inappropriate comments coming from a colleague, it's really not cool and you need to handle it with care. Here's what you can do in simple steps, keeping your safety and well-being in mind:

1. **Document the Incidents**: Keep a record of all the inappropriate messages. Don’t share them with anyone yet, but have them ready for later.

2. **Report to HR**: Inform your HR department about the situation. They are there to handle such issues and"
9,20,". Answer the user's query in natural, colloquial Hinglish. I am receiving inappropriate comments from a colleague on WhatsApp. Please advise me on how to handle this situation, keeping in mind my safety and well-being. What are my options? Hey there, buddy! I'm really sorry to hear about the uncomfortable situation you're in. Here's what you can do to handle this while keeping safe and sound:

1. **Document the issues**: Start by noting down all the inappropriate messages, including dates, times, and screenshots. This will be useful later for evidence if needed.

2. **Block the person**: If possible, block or restrict contact with this colleague on WhatsApp. This will limit their ability to send you unwanted messages.

3. **Report"
9,24,". Answer the user's query in natural, colloquial Hinglish. I am receiving inappropriate comments from a colleague on WhatsApp. Please advise me on how to handle this situation, keeping in mind my safety and well-being. What are my options? Oh hey, I understand your concern, and it's really important to handle this with care. Here's what you can do:

1. **Document the Incidents:** Keep a record of all inappropriate messages, including date, time, and content. This will be useful later if things escalate.

2. **Block and Report:** Use the block function in WhatsApp to stop receiving messages from this person. You can also report their account to WhatsApp, but remember, they might face consequences too.

3. **Talk to HR:**"
9,28,". Answer the user's query in natural, colloquial Hinglish. I am receiving inappropriate comments from a colleague on WhatsApp. Please advise me on how to handle this situation, keeping in mind my safety and well-being. What are my options? Oh, I understand your concern, buddy! Here's what you can do to handle this situation safely:

1. **Document the Incidents**: Keep a record of all the inappropriate messages. Note the date, time, and content of each message. This will be important if you need to report the issue later.

2. **Block the Colleague**: You can block the person on WhatsApp. This will prevent them from contacting you directly.

3. **Report to WhatsApp**: You can report the user to WhatsApp. They have a"
10,10,". Answer the user's query in natural, colloquial Hinglish. Please draft a polite notice period letter for me, keeping the standard two-week timeframe in mind. I need to inform my employer about my departure. नमस्ते [Your Employer's Name],

I hope this message finds you well. I am writing to you today to express my deepest gratitude for the opportunities and experiences I have gained during my time at [Company Name]. It's been truly a rewarding journey, and I am thankful for the support and camaraderie I have found here.

After considerable thought, I have decided to move on to pursue new professional opportunities that I believe will take me further in my career. I want to assure you that my decision to leave was not easy"
10,12,". Answer the user's query in natural, colloquial Hinglish. Please draft a polite notice period letter for me, keeping the standard two-week timeframe in mind. I need to inform my employer about my departure. आज मेरा नेतृत्व समाप्त होने के बीच, मेरी शुभकामनाएं देने के लिए, मुझे आपस में आपका ध्यान आकर्षित करने की आवश्यकता है।"
10,13,". Answer the user's query in natural, colloquial Hinglish. Please draft a polite notice period letter for me, keeping the standard two-week timeframe in mind. I need to inform my employer about my departure. Hey there! Here's a chilled-out notice period letter to inform your employer about your departure. Remember, it's always good to keep things on the sweet side.

---

Subject: Notice of Resignation

Dear [Employer's Name],

I hope this note finds you well. I'm writing to inform you that I've decided to move on from my current position at [Company Name] after serving you for a couple of years.

I want to express my heartfelt gratitude for the opportunities I've been given during my time"
10,14,". Answer the user's query in natural, colloquial Hinglish. Please draft a polite notice period letter for me, keeping the standard two-week timeframe in mind. I need to inform my employer about my departure. Alright, here's a gentle draft for your notice period letter. Remember, we're keeping it in a conversational tone, just like Hinglish.

---

Subject: Notice of Resignation - [Your Full Name]

Dear [Employer's Name],

I hope this mail finds you in the best of spirits. I'm writing to inform you that I've decided to move on to the next chapter in my personal and professional life, and I'll be leaving my position at [Company Name] as of [Your Last Working Day, typically two weeks from"
10,16,". Answer the user's query in natural, colloquial Hinglish. Please draft a polite notice period letter for me, keeping the standard two-week timeframe in mind. I need to inform my employer about my departure. Hey there! Here's a friendly two-week notice letter for your employer, keeping it cool and courteous:

---

**Subject: Notice of Departure**

Dear [Employer's Name],

I hope this message finds you well. I am writing to formally announce my decision to resign from [Your Job Title] at [Company Name], effective two weeks from today's date, [Today's Date].

I want to express my gratitude for the valuable experiences and opportunities that have been provided to me during my tenure at"
10,18,". Answer the user's query in natural, colloquial Hinglish. Please draft a polite notice period letter for me, keeping the standard two-week timeframe in mind. I need to inform my employer about my departure. Hey there!

I hope this message finds you in good spirits. I wanted to drop you a line about something quite important. I've decided to step away from my current role at your company, and I must say I've had some great times and learning experiences here.

I'm writing to let you know that I will be leaving my position in the upcoming weeks. I believe a two-week notice period would be fair and respectful, which is why I'm writing you now. I'd like to stick to the standard two-week timeframe.

I'll be wrapping"
10,20,". Answer the user's query in natural, colloquial Hinglish. Please draft a polite notice period letter for me, keeping the standard two-week timeframe in mind. I need to inform my employer about my departure. Hey there! Here's a polite notice of departure letter for you. I've kept the standard two-week notice period in mind:

---

[Your Name]
[Your Address]
[City, State, Zip]
[Email Address]
[Today's Date]

[Manager's Name]
[Company Name]
[Company Address]
[City, State, Zip]

Subject: Notice of Resignation

Dear [Manager's Name],

I hope this letter finds you well. I am writing to formally announ"
10,24,". Answer the user's query in natural, colloquial Hinglish. Please draft a polite notice period letter for me, keeping the standard two-week timeframe in mind. I need to inform my employer about my departure. नमदाता�yshe कार्यालयकर्म का अच्छा अनुरोध,

मेरे द्वारा,

मैं आपको अपने अंतिम भर्ती की जानकारी देने के लिए यह पत्नी कर रहा हू�"
10,28,". Answer the user's query in natural, colloquial Hinglish. Please draft a polite notice period letter for me, keeping the standard two-week timeframe in mind. I need to inform my employer about my departure. Namaste, [Employer's Name],

I hope this letter finds you in the best of spirits. I am writing to you today with a heart filled with gratitude for the valuable experiences and opportunities I have had working with you and your team at [Company Name].

After much contemplation and careful consideration, I have decided to pursue a new chapter in my professional journey. It is with a heavy heart that I must inform you of my departure from the company, effective from [Insert Date, typically two weeks from the date of the letter, for example, two weeks from today's date"
